epoch,iso,http_code,latency_ms
1782554379,2026-06-27T09:59:39Z,200,2.0
1782554380,2026-06-27T09:59:40Z,200,1.0
1782554381,2026-06-27T09:59:41Z,200,1.3
1782554382,2026-06-27T09:59:42Z,200,0.9
1782554384,2026-06-27T09:59:44Z,200,0.8
1782554385,2026-06-27T09:59:45Z,200,1.3
1782554386,2026-06-27T09:59:46Z,200,0.7
1782554387,2026-06-27T09:59:47Z,200,1.3
1782554388,2026-06-27T09:59:48Z,200,0.8
1782554389,2026-06-27T09:59:49Z,200,0.9
1782554390,2026-06-27T09:59:50Z,200,1.9
1782554391,2026-06-27T09:59:51Z,200,2.6
1782554392,2026-06-27T09:59:52Z,200,1.2
1782554393,2026-06-27T09:59:53Z,200,1.9
1782554394,2026-06-27T09:59:54Z,200,2.3
1782554395,2026-06-27T09:59:55Z,200,1.5
1782554396,2026-06-27T09:59:56Z,200,2.0
1782554397,2026-06-27T09:59:57Z,200,1.4
1782554398,2026-06-27T09:59:58Z,200,2.0
1782554399,2026-06-27T09:59:59Z,200,1.5
1782554400,2026-06-27T10:00:00Z,200,1.6
1782554401,2026-06-27T10:00:01Z,200,1.7
1782554402,2026-06-27T10:00:02Z,200,1.3
1782554403,2026-06-27T10:00:03Z,200,2.2
1782554404,2026-06-27T10:00:04Z,200,2.3
1782554405,2026-06-27T10:00:05Z,200,1.9
1782554406,2026-06-27T10:00:06Z,200,1.8
1782554407,2026-06-27T10:00:07Z,200,1.5
1782554408,2026-06-27T10:00:08Z,200,2.0
1782554409,2026-06-27T10:00:09Z,200,1.6
1782554410,2026-06-27T10:00:10Z,200,0.6
1782554411,2026-06-27T10:00:11Z,200,1.5
1782554412,2026-06-27T10:00:12Z,200,1.0
1782554413,2026-06-27T10:00:13Z,200,1.0
1782554415,2026-06-27T10:00:15Z,200,1.5
1782554416,2026-06-27T10:00:16Z,200,1.0
1782554417,2026-06-27T10:00:17Z,200,0.7
1782554418,2026-06-27T10:00:18Z,200,1.0
1782554419,2026-06-27T10:00:19Z,200,1.1
1782554420,2026-06-27T10:00:20Z,200,1.0
1782554421,2026-06-27T10:00:21Z,200,1.7
1782554422,2026-06-27T10:00:22Z,200,1.5
1782554423,2026-06-27T10:00:23Z,200,0.8
1782554424,2026-06-27T10:00:24Z,200,1.0
1782554425,2026-06-27T10:00:25Z,200,1.2
1782554426,2026-06-27T10:00:26Z,200,1.1
1782554427,2026-06-27T10:00:27Z,200,1.2
1782554428,2026-06-27T10:00:28Z,200,1.6
1782554429,2026-06-27T10:00:29Z,200,1.5
1782554430,2026-06-27T10:00:30Z,200,1.3
1782554431,2026-06-27T10:00:31Z,200,1.1
1782554432,2026-06-27T10:00:32Z,200,0.8
1782554433,2026-06-27T10:00:33Z,200,1.1
1782554434,2026-06-27T10:00:34Z,200,1.2
1782554435,2026-06-27T10:00:35Z,200,1.6
1782554436,2026-06-27T10:00:36Z,200,1.0
1782554437,2026-06-27T10:00:37Z,200,0.9
1782554438,2026-06-27T10:00:38Z,200,1.9
1782554439,2026-06-27T10:00:39Z,200,1.7
1782554440,2026-06-27T10:00:40Z,200,1.2
1782554441,2026-06-27T10:00:41Z,200,1.6
1782554442,2026-06-27T10:00:42Z,200,1.3
1782554443,2026-06-27T10:00:43Z,200,1.1
1782554444,2026-06-27T10:00:44Z,200,0.8
1782554445,2026-06-27T10:00:45Z,200,2.2
1782554446,2026-06-27T10:00:46Z,200,1.8
1782554447,2026-06-27T10:00:48Z,200,1.2
1782554449,2026-06-27T10:00:49Z,200,0.8
1782554450,2026-06-27T10:00:50Z,200,1.4
1782554451,2026-06-27T10:00:51Z,200,0.8
1782554452,2026-06-27T10:00:52Z,200,1.6
1782554453,2026-06-27T10:00:53Z,200,1.1
1782554454,2026-06-27T10:00:54Z,200,1.7
1782554455,2026-06-27T10:00:55Z,200,1.4
1782554456,2026-06-27T10:00:56Z,200,1.0
1782554457,2026-06-27T10:00:57Z,200,0.6
1782554458,2026-06-27T10:00:58Z,200,1.2
1782554459,2026-06-27T10:00:59Z,200,1.1
1782554460,2026-06-27T10:01:00Z,200,1.3
1782554461,2026-06-27T10:01:01Z,200,0.6
1782554462,2026-06-27T10:01:02Z,200,0.9
1782554463,2026-06-27T10:01:03Z,200,1.7
1782554464,2026-06-27T10:01:04Z,200,0.7
1782554465,2026-06-27T10:01:05Z,200,1.2
1782554466,2026-06-27T10:01:06Z,200,1.2
1782554467,2026-06-27T10:01:07Z,200,0.9
1782554468,2026-06-27T10:01:08Z,200,1.2
1782554469,2026-06-27T10:01:09Z,200,1.1
1782554470,2026-06-27T10:01:10Z,200,1.4
1782554471,2026-06-27T10:01:11Z,200,2.5
1782554472,2026-06-27T10:01:12Z,200,2.8
1782554473,2026-06-27T10:01:13Z,200,1.9
1782554474,2026-06-27T10:01:14Z,200,1.7
1782554475,2026-06-27T10:01:15Z,200,1.7
1782554476,2026-06-27T10:01:16Z,200,2.0
1782554477,2026-06-27T10:01:17Z,200,1.6
1782554478,2026-06-27T10:01:18Z,200,2.1
1782554479,2026-06-27T10:01:20Z,200,1.4
1782554481,2026-06-27T10:01:21Z,200,0.9
1782554482,2026-06-27T10:01:22Z,200,1.8
1782554483,2026-06-27T10:01:23Z,200,2.3
1782554484,2026-06-27T10:01:24Z,200,1.7
1782554485,2026-06-27T10:01:25Z,200,1.9
1782554486,2026-06-27T10:01:26Z,200,1.2
1782554487,2026-06-27T10:01:27Z,200,2.2
1782554488,2026-06-27T10:01:28Z,200,1.0
1782554489,2026-06-27T10:01:29Z,200,2.2
1782554490,2026-06-27T10:01:30Z,200,1.2
1782554491,2026-06-27T10:01:31Z,200,1.3
1782554492,2026-06-27T10:01:32Z,200,1.1
1782554493,2026-06-27T10:01:33Z,200,1.2
1782554494,2026-06-27T10:01:34Z,200,1.4
1782554495,2026-06-27T10:01:35Z,200,1.7
1782554496,2026-06-27T10:01:36Z,200,1.2
1782554497,2026-06-27T10:01:37Z,200,1.5
1782554498,2026-06-27T10:01:38Z,200,0.8
1782554499,2026-06-27T10:01:39Z,200,1.0
1782554500,2026-06-27T10:01:40Z,200,1.5
1782554501,2026-06-27T10:01:41Z,200,1.3
1782554502,2026-06-27T10:01:42Z,200,1.4
1782554503,2026-06-27T10:01:43Z,200,1.3
1782554504,2026-06-27T10:01:44Z,200,1.6
1782554505,2026-06-27T10:01:45Z,200,1.6
1782554506,2026-06-27T10:01:46Z,200,1.1
1782554507,2026-06-27T10:01:47Z,200,0.5
1782554508,2026-06-27T10:01:48Z,200,0.8
1782554509,2026-06-27T10:01:49Z,200,1.1
1782554510,2026-06-27T10:01:50Z,200,0.9
1782554511,2026-06-27T10:01:51Z,200,1.5
1782554512,2026-06-27T10:01:53Z,200,0.6
1782554514,2026-06-27T10:01:54Z,200,0.8
1782554515,2026-06-27T10:01:55Z,200,0.8
1782554516,2026-06-27T10:01:56Z,200,1.1
1782554517,2026-06-27T10:01:57Z,200,1.5
1782554518,2026-06-27T10:01:58Z,200,1.8
1782554519,2026-06-27T10:01:59Z,200,1.0
1782554520,2026-06-27T10:02:00Z,200,0.6
1782554521,2026-06-27T10:02:01Z,200,1.1
1782554522,2026-06-27T10:02:02Z,200,0.3
1782554523,2026-06-27T10:02:03Z,200,1.9
1782554524,2026-06-27T10:02:04Z,200,1.0
1782554525,2026-06-27T10:02:05Z,200,0.9
1782554526,2026-06-27T10:02:06Z,200,1.5
1782554527,2026-06-27T10:02:07Z,200,0.4
1782554528,2026-06-27T10:02:08Z,200,1.4
1782554529,2026-06-27T10:02:09Z,200,1.0
1782554530,2026-06-27T10:02:10Z,200,0.7
1782554531,2026-06-27T10:02:11Z,200,1.4
1782554532,2026-06-27T10:02:12Z,200,1.6
1782554533,2026-06-27T10:02:13Z,200,1.2
1782554534,2026-06-27T10:02:14Z,200,0.7
1782554535,2026-06-27T10:02:15Z,200,1.2
1782554536,2026-06-27T10:02:16Z,200,1.5
1782554537,2026-06-27T10:02:17Z,200,1.2
1782554538,2026-06-27T10:02:18Z,200,0.8
1782554539,2026-06-27T10:02:19Z,200,1.1
1782554540,2026-06-27T10:02:20Z,200,1.0
1782554541,2026-06-27T10:02:21Z,200,1.1
1782554542,2026-06-27T10:02:22Z,200,1.2
1782554543,2026-06-27T10:02:23Z,200,0.8
1782554544,2026-06-27T10:02:24Z,200,1.0
1782554545,2026-06-27T10:02:25Z,200,1.6
1782554547,2026-06-27T10:02:27Z,200,1.0
1782554548,2026-06-27T10:02:28Z,200,2.1
1782554549,2026-06-27T10:02:29Z,200,1.2
1782554550,2026-06-27T10:02:30Z,200,1.4
1782554551,2026-06-27T10:02:31Z,200,0.9
1782554552,2026-06-27T10:02:32Z,200,1.5
1782554553,2026-06-27T10:02:33Z,200,1.2
1782554554,2026-06-27T10:02:34Z,200,1.2
1782554555,2026-06-27T10:02:35Z,200,1.2
1782554556,2026-06-27T10:02:36Z,200,0.9
1782554557,2026-06-27T10:02:37Z,200,1.6
1782554558,2026-06-27T10:02:38Z,200,0.8
1782554559,2026-06-27T10:02:39Z,200,1.1
1782554560,2026-06-27T10:02:40Z,200,1.5
1782554561,2026-06-27T10:02:41Z,200,1.1
1782554562,2026-06-27T10:02:42Z,200,1.0
1782554563,2026-06-27T10:02:43Z,200,0.7
1782554564,2026-06-27T10:02:44Z,200,1.3
1782554565,2026-06-27T10:02:45Z,200,0.8
1782554566,2026-06-27T10:02:46Z,200,1.0
1782554567,2026-06-27T10:02:47Z,200,1.1
1782554568,2026-06-27T10:02:48Z,200,0.9
1782554569,2026-06-27T10:02:49Z,200,0.3
1782554570,2026-06-27T10:02:50Z,200,0.6
1782554571,2026-06-27T10:02:51Z,200,1.4
1782554572,2026-06-27T10:02:52Z,200,1.7
1782554573,2026-06-27T10:02:53Z,200,1.1
1782554574,2026-06-27T10:02:54Z,200,1.3
1782554575,2026-06-27T10:02:55Z,200,0.5
1782554576,2026-06-27T10:02:56Z,200,1.5
1782554577,2026-06-27T10:02:57Z,200,1.7
1782554578,2026-06-27T10:02:58Z,200,1.2
1782554579,2026-06-27T10:02:59Z,200,0.8
1782554580,2026-06-27T10:03:01Z,200,1.5
1782554582,2026-06-27T10:03:02Z,200,1.0
1782554583,2026-06-27T10:03:03Z,200,1.1
1782554584,2026-06-27T10:03:04Z,200,1.2
1782554585,2026-06-27T10:03:05Z,200,1.8
1782554586,2026-06-27T10:03:06Z,200,1.7
1782554587,2026-06-27T10:03:07Z,200,1.0
1782554588,2026-06-27T10:03:08Z,200,1.6
1782554589,2026-06-27T10:03:09Z,200,0.8
1782554590,2026-06-27T10:03:10Z,200,0.8
1782554591,2026-06-27T10:03:11Z,200,1.0
1782554592,2026-06-27T10:03:12Z,200,1.6
1782554593,2026-06-27T10:03:13Z,200,0.9
1782554594,2026-06-27T10:03:14Z,200,0.8
1782554595,2026-06-27T10:03:15Z,200,1.4
1782554596,2026-06-27T10:03:16Z,200,1.5
1782554597,2026-06-27T10:03:17Z,200,1.5
1782554598,2026-06-27T10:03:18Z,200,1.1
1782554599,2026-06-27T10:03:19Z,200,1.2
1782554600,2026-06-27T10:03:20Z,200,1.8
1782554601,2026-06-27T10:03:21Z,200,1.3
1782554602,2026-06-27T10:03:22Z,200,0.6
1782554603,2026-06-27T10:03:23Z,200,1.1
1782554604,2026-06-27T10:03:24Z,200,1.3
1782554605,2026-06-27T10:03:25Z,200,0.7
1782554606,2026-06-27T10:03:26Z,200,1.3
1782554607,2026-06-27T10:03:27Z,200,0.8
1782554608,2026-06-27T10:03:28Z,200,1.3
1782554609,2026-06-27T10:03:29Z,200,1.9
1782554610,2026-06-27T10:03:30Z,200,1.7
1782554611,2026-06-27T10:03:31Z,200,0.8
1782554612,2026-06-27T10:03:32Z,200,1.8
1782554613,2026-06-27T10:03:33Z,200,1.4
1782554615,2026-06-27T10:03:35Z,200,0.9
1782554616,2026-06-27T10:03:36Z,200,1.8
1782554617,2026-06-27T10:03:37Z,200,0.6
1782554618,2026-06-27T10:03:38Z,200,1.3
1782554619,2026-06-27T10:03:39Z,200,0.8
1782554620,2026-06-27T10:03:40Z,200,1.0
1782554621,2026-06-27T10:03:41Z,200,1.4
1782554622,2026-06-27T10:03:42Z,200,1.1
1782554623,2026-06-27T10:03:43Z,200,0.8
1782554624,2026-06-27T10:03:44Z,200,1.0
1782554625,2026-06-27T10:03:45Z,200,1.1
1782554626,2026-06-27T10:03:46Z,200,1.6
1782554627,2026-06-27T10:03:47Z,200,1.1
1782554628,2026-06-27T10:03:48Z,200,1.7
1782554629,2026-06-27T10:03:49Z,200,0.9
1782554630,2026-06-27T10:03:50Z,200,1.4
1782554631,2026-06-27T10:03:51Z,200,0.8
1782554632,2026-06-27T10:03:52Z,200,1.1
1782554633,2026-06-27T10:03:53Z,200,1.4
1782554634,2026-06-27T10:03:54Z,200,2.1
1782554635,2026-06-27T10:03:55Z,200,0.9
1782554636,2026-06-27T10:03:56Z,200,1.0
1782554637,2026-06-27T10:03:57Z,200,1.4
1782554638,2026-06-27T10:03:58Z,200,1.4
1782554639,2026-06-27T10:03:59Z,200,1.6
1782554640,2026-06-27T10:04:00Z,200,0.9
1782554641,2026-06-27T10:04:01Z,200,2.1
1782554642,2026-06-27T10:04:02Z,200,1.2
1782554643,2026-06-27T10:04:03Z,200,1.1
1782554644,2026-06-27T10:04:04Z,200,1.1
1782554645,2026-06-27T10:04:05Z,200,0.6
1782554646,2026-06-27T10:04:06Z,200,1.1
1782554647,2026-06-27T10:04:08Z,200,1.3
1782554649,2026-06-27T10:04:09Z,200,1.3
1782554650,2026-06-27T10:04:10Z,200,1.7
1782554651,2026-06-27T10:04:11Z,200,0.7
1782554652,2026-06-27T10:04:12Z,200,1.4
1782554653,2026-06-27T10:04:13Z,200,1.1
1782554654,2026-06-27T10:04:14Z,200,1.0
1782554655,2026-06-27T10:04:15Z,200,0.9
1782554656,2026-06-27T10:04:16Z,200,1.6
1782554657,2026-06-27T10:04:17Z,200,0.7
1782554658,2026-06-27T10:04:18Z,200,1.4
1782554659,2026-06-27T10:04:19Z,200,1.1
1782554660,2026-06-27T10:04:20Z,200,0.7
1782554661,2026-06-27T10:04:21Z,200,0.6
1782554662,2026-06-27T10:04:22Z,200,1.6
1782554663,2026-06-27T10:04:23Z,200,1.6
1782554664,2026-06-27T10:04:24Z,200,0.8
1782554665,2026-06-27T10:04:25Z,200,0.6
1782554666,2026-06-27T10:04:26Z,200,1.0
1782554667,2026-06-27T10:04:27Z,200,1.1
1782554668,2026-06-27T10:04:28Z,200,0.8
1782554669,2026-06-27T10:04:29Z,200,1.5
1782554670,2026-06-27T10:04:30Z,200,0.6
1782554671,2026-06-27T10:04:31Z,200,0.5
1782554672,2026-06-27T10:04:32Z,200,1.2
1782554673,2026-06-27T10:04:33Z,200,0.7
1782554674,2026-06-27T10:04:34Z,200,1.0
1782554675,2026-06-27T10:04:35Z,200,1.6
1782554676,2026-06-27T10:04:36Z,200,1.4
1782554677,2026-06-27T10:04:37Z,200,0.5
1782554678,2026-06-27T10:04:38Z,200,1.2
1782554679,2026-06-27T10:04:39Z,200,2.0
1782554680,2026-06-27T10:04:41Z,200,0.9
1782554682,2026-06-27T10:04:42Z,200,1.3
1782554683,2026-06-27T10:04:43Z,200,0.8
1782554684,2026-06-27T10:04:44Z,200,0.5
1782554685,2026-06-27T10:04:45Z,200,1.1
1782554686,2026-06-27T10:04:46Z,200,1.1
1782554687,2026-06-27T10:04:47Z,200,1.1
1782554688,2026-06-27T10:04:48Z,200,1.4
1782554689,2026-06-27T10:04:49Z,200,1.8
1782554690,2026-06-27T10:04:50Z,200,1.1
1782554691,2026-06-27T10:04:51Z,200,1.3
1782554692,2026-06-27T10:04:52Z,200,0.7
1782554693,2026-06-27T10:04:53Z,200,0.9
1782554694,2026-06-27T10:04:54Z,200,0.8
1782554695,2026-06-27T10:04:55Z,200,0.5
1782554696,2026-06-27T10:04:56Z,200,0.7
1782554697,2026-06-27T10:04:57Z,200,0.7
1782554698,2026-06-27T10:04:58Z,200,0.9
1782554699,2026-06-27T10:04:59Z,200,1.5
1782554700,2026-06-27T10:05:00Z,200,1.2
1782554701,2026-06-27T10:05:01Z,200,1.0
1782554702,2026-06-27T10:05:02Z,200,1.0
1782554703,2026-06-27T10:05:03Z,200,0.9
1782554704,2026-06-27T10:05:04Z,200,0.8
1782554705,2026-06-27T10:05:05Z,200,1.3
1782554706,2026-06-27T10:05:06Z,200,0.7
1782554707,2026-06-27T10:05:07Z,200,1.0
1782554708,2026-06-27T10:05:08Z,200,1.8
1782554709,2026-06-27T10:05:09Z,200,1.2
1782554710,2026-06-27T10:05:10Z,200,1.1
1782554711,2026-06-27T10:05:11Z,200,1.3
1782554712,2026-06-27T10:05:12Z,200,0.8
1782554713,2026-06-27T10:05:13Z,200,1.5
1782554714,2026-06-27T10:05:15Z,200,0.9
1782554716,2026-06-27T10:05:16Z,200,0.7
1782554717,2026-06-27T10:05:17Z,200,0.8
1782554718,2026-06-27T10:05:18Z,200,1.3
1782554719,2026-06-27T10:05:19Z,200,1.3
1782554720,2026-06-27T10:05:20Z,200,1.3
1782554721,2026-06-27T10:05:21Z,200,0.9
1782554722,2026-06-27T10:05:22Z,200,1.1
1782554723,2026-06-27T10:05:23Z,200,1.0
1782554724,2026-06-27T10:05:24Z,200,1.8
1782554725,2026-06-27T10:05:25Z,200,1.3
1782554726,2026-06-27T10:05:26Z,200,1.0
1782554727,2026-06-27T10:05:27Z,200,0.7
1782554728,2026-06-27T10:05:28Z,200,1.0
1782554729,2026-06-27T10:05:29Z,200,1.1
1782554730,2026-06-27T10:05:30Z,200,1.6
1782554731,2026-06-27T10:05:31Z,200,0.8
1782554732,2026-06-27T10:05:32Z,200,1.0
1782554733,2026-06-27T10:05:33Z,200,1.3
1782554734,2026-06-27T10:05:34Z,200,0.4
1782554735,2026-06-27T10:05:35Z,200,1.0
1782554736,2026-06-27T10:05:36Z,200,0.8
1782554737,2026-06-27T10:05:37Z,200,1.7
1782554738,2026-06-27T10:05:38Z,200,1.2
1782554739,2026-06-27T10:05:39Z,200,0.4
1782554740,2026-06-27T10:05:40Z,200,1.0
1782554741,2026-06-27T10:05:41Z,200,1.5
1782554742,2026-06-27T10:05:42Z,200,1.4
1782554743,2026-06-27T10:05:43Z,200,1.0
1782554744,2026-06-27T10:05:44Z,200,1.6
1782554745,2026-06-27T10:05:45Z,200,1.2
1782554746,2026-06-27T10:05:46Z,200,1.3
1782554747,2026-06-27T10:05:47Z,200,1.8
1782554748,2026-06-27T10:05:48Z,200,1.3
1782554750,2026-06-27T10:05:50Z,200,1.6
1782554751,2026-06-27T10:05:51Z,200,1.0
1782554752,2026-06-27T10:05:52Z,200,1.1
1782554753,2026-06-27T10:05:53Z,200,1.1
1782554754,2026-06-27T10:05:54Z,200,1.2
1782554755,2026-06-27T10:05:55Z,200,0.9
1782554756,2026-06-27T10:05:56Z,200,0.8
1782554757,2026-06-27T10:05:57Z,200,0.7
1782554758,2026-06-27T10:05:58Z,200,1.8
1782554759,2026-06-27T10:05:59Z,200,1.4
1782554760,2026-06-27T10:06:00Z,200,1.4
1782554761,2026-06-27T10:06:01Z,200,1.2
1782554762,2026-06-27T10:06:02Z,200,0.8
1782554763,2026-06-27T10:06:03Z,200,0.9
1782554764,2026-06-27T10:06:04Z,200,1.2
1782554765,2026-06-27T10:06:05Z,200,1.1
1782554766,2026-06-27T10:06:06Z,200,0.7
1782554767,2026-06-27T10:06:07Z,200,1.1
1782554768,2026-06-27T10:06:08Z,200,1.3
1782554769,2026-06-27T10:06:09Z,200,1.4
1782554770,2026-06-27T10:06:10Z,200,1.3
1782554771,2026-06-27T10:06:11Z,200,0.7
1782554772,2026-06-27T10:06:12Z,200,1.5
1782554773,2026-06-27T10:06:13Z,200,0.6
1782554774,2026-06-27T10:06:14Z,200,0.6
1782554775,2026-06-27T10:06:15Z,200,1.1
1782554776,2026-06-27T10:06:16Z,200,1.9
1782554777,2026-06-27T10:06:17Z,200,0.7
1782554778,2026-06-27T10:06:18Z,200,1.1
1782554779,2026-06-27T10:06:19Z,200,0.8
1782554780,2026-06-27T10:06:20Z,200,1.1
1782554781,2026-06-27T10:06:21Z,200,1.3
1782554782,2026-06-27T10:06:22Z,200,1.3
1782554784,2026-06-27T10:06:24Z,200,0.9
1782554785,2026-06-27T10:06:25Z,200,0.7
1782554786,2026-06-27T10:06:26Z,200,1.4
1782554787,2026-06-27T10:06:27Z,200,0.9
1782554788,2026-06-27T10:06:28Z,200,1.6
1782554789,2026-06-27T10:06:29Z,200,0.7
1782554790,2026-06-27T10:06:30Z,200,1.4
1782554791,2026-06-27T10:06:31Z,200,1.6
1782554792,2026-06-27T10:06:32Z,200,1.3
1782554793,2026-06-27T10:06:33Z,200,1.2
1782554794,2026-06-27T10:06:34Z,200,1.4
1782554795,2026-06-27T10:06:35Z,200,1.4
1782554796,2026-06-27T10:06:36Z,200,0.7
1782554797,2026-06-27T10:06:37Z,200,0.6
1782554798,2026-06-27T10:06:38Z,200,1.5
1782554799,2026-06-27T10:06:39Z,200,0.8
1782554800,2026-06-27T10:06:40Z,200,1.3
1782554801,2026-06-27T10:06:41Z,200,1.4
1782554802,2026-06-27T10:06:42Z,200,1.8
1782554803,2026-06-27T10:06:43Z,200,0.7
1782554804,2026-06-27T10:06:44Z,200,1.4
1782554805,2026-06-27T10:06:45Z,200,1.2
1782554806,2026-06-27T10:06:46Z,200,2.0
1782554807,2026-06-27T10:06:47Z,200,0.9
1782554808,2026-06-27T10:06:48Z,200,0.6
1782554809,2026-06-27T10:06:49Z,200,1.1
1782554810,2026-06-27T10:06:50Z,200,1.2
1782554811,2026-06-27T10:06:51Z,200,1.4
1782554812,2026-06-27T10:06:52Z,200,1.2
1782554813,2026-06-27T10:06:53Z,200,0.4
1782554814,2026-06-27T10:06:54Z,200,1.7
1782554815,2026-06-27T10:06:55Z,200,0.3
1782554816,2026-06-27T10:06:56Z,200,1.1
1782554817,2026-06-27T10:06:58Z,200,1.4
1782554819,2026-06-27T10:06:59Z,200,1.8
1782554820,2026-06-27T10:07:00Z,200,1.1
1782554821,2026-06-27T10:07:01Z,200,0.4
1782554822,2026-06-27T10:07:02Z,200,1.2
1782554823,2026-06-27T10:07:03Z,200,1.8
1782554824,2026-06-27T10:07:04Z,200,0.7
1782554825,2026-06-27T10:07:05Z,200,0.8
1782554826,2026-06-27T10:07:06Z,200,1.4
1782554827,2026-06-27T10:07:07Z,200,1.3
1782554828,2026-06-27T10:07:08Z,200,1.2
1782554829,2026-06-27T10:07:09Z,200,1.0
1782554830,2026-06-27T10:07:10Z,200,0.5
1782554831,2026-06-27T10:07:11Z,200,0.9
1782554832,2026-06-27T10:07:12Z,200,1.2
1782554833,2026-06-27T10:07:13Z,200,1.0
1782554834,2026-06-27T10:07:14Z,200,0.9
1782554835,2026-06-27T10:07:15Z,200,1.1
1782554836,2026-06-27T10:07:16Z,200,0.9
1782554837,2026-06-27T10:07:17Z,200,0.8
1782554838,2026-06-27T10:07:18Z,200,1.1
1782554839,2026-06-27T10:07:19Z,200,1.3
1782554840,2026-06-27T10:07:20Z,200,0.7
1782554841,2026-06-27T10:07:21Z,200,1.3
1782554842,2026-06-27T10:07:22Z,200,1.2
1782554843,2026-06-27T10:07:23Z,200,0.7
1782554844,2026-06-27T10:07:24Z,200,1.8
1782554845,2026-06-27T10:07:25Z,200,0.8
1782554846,2026-06-27T10:07:26Z,200,0.6
1782554847,2026-06-27T10:07:27Z,200,0.4
1782554848,2026-06-27T10:07:28Z,200,1.1
1782554849,2026-06-27T10:07:29Z,200,1.6
1782554850,2026-06-27T10:07:30Z,200,1.2
1782554851,2026-06-27T10:07:31Z,200,1.2
1782554852,2026-06-27T10:07:33Z,200,0.8
1782554854,2026-06-27T10:07:34Z,200,0.7
1782554855,2026-06-27T10:07:35Z,200,1.5
1782554856,2026-06-27T10:07:36Z,200,0.7
1782554857,2026-06-27T10:07:37Z,200,1.0
1782554858,2026-06-27T10:07:38Z,200,0.7
1782554859,2026-06-27T10:07:39Z,200,1.3
1782554860,2026-06-27T10:07:40Z,200,0.5
1782554861,2026-06-27T10:07:41Z,200,1.8
1782554862,2026-06-27T10:07:42Z,200,1.8
1782554863,2026-06-27T10:07:43Z,200,0.9
1782554864,2026-06-27T10:07:44Z,200,1.2
1782554865,2026-06-27T10:07:45Z,200,0.9
1782554866,2026-06-27T10:07:46Z,200,1.5
1782554867,2026-06-27T10:07:47Z,200,0.7
1782554868,2026-06-27T10:07:48Z,200,1.1
1782554869,2026-06-27T10:07:49Z,200,1.0
1782554870,2026-06-27T10:07:50Z,200,1.0
1782554871,2026-06-27T10:07:51Z,200,1.1
1782554872,2026-06-27T10:07:52Z,200,1.2
1782554873,2026-06-27T10:07:53Z,200,1.2
1782554874,2026-06-27T10:07:54Z,200,1.3
1782554875,2026-06-27T10:07:55Z,200,0.9
1782554876,2026-06-27T10:07:56Z,200,1.4
1782554877,2026-06-27T10:07:57Z,200,0.7
1782554878,2026-06-27T10:07:58Z,200,1.4
1782554879,2026-06-27T10:07:59Z,200,1.2
1782554880,2026-06-27T10:08:00Z,200,1.0
1782554881,2026-06-27T10:08:01Z,200,1.4
1782554882,2026-06-27T10:08:02Z,200,1.4
1782554883,2026-06-27T10:08:03Z,200,0.7
1782554884,2026-06-27T10:08:04Z,200,0.9
1782554885,2026-06-27T10:08:05Z,200,0.6
1782554886,2026-06-27T10:08:06Z,200,1.2
1782554888,2026-06-27T10:08:08Z,200,1.1
1782554889,2026-06-27T10:08:09Z,200,1.8
1782554890,2026-06-27T10:08:10Z,200,1.3
1782554891,2026-06-27T10:08:11Z,200,1.6
1782554892,2026-06-27T10:08:12Z,200,1.6
1782554893,2026-06-27T10:08:13Z,200,2.0
1782554894,2026-06-27T10:08:14Z,200,0.8
1782554895,2026-06-27T10:08:15Z,200,1.8
1782554896,2026-06-27T10:08:16Z,200,1.1
1782554897,2026-06-27T10:08:17Z,200,0.9
1782554898,2026-06-27T10:08:18Z,200,1.2
1782554899,2026-06-27T10:08:19Z,200,1.4
1782554900,2026-06-27T10:08:20Z,200,0.7
1782554901,2026-06-27T10:08:21Z,200,1.8
1782554902,2026-06-27T10:08:22Z,200,1.4
1782554903,2026-06-27T10:08:23Z,200,1.6
1782554904,2026-06-27T10:08:24Z,200,0.5
1782554905,2026-06-27T10:08:25Z,200,0.9
1782554906,2026-06-27T10:08:26Z,200,1.6
1782554907,2026-06-27T10:08:27Z,200,1.2
1782554908,2026-06-27T10:08:28Z,200,1.0
1782554909,2026-06-27T10:08:29Z,200,1.9
1782554910,2026-06-27T10:08:30Z,200,1.7
1782554911,2026-06-27T10:08:31Z,200,1.0
1782554912,2026-06-27T10:08:32Z,200,1.0
1782554913,2026-06-27T10:08:33Z,200,3.4
1782554914,2026-06-27T10:08:34Z,200,1.3
1782554915,2026-06-27T10:08:35Z,200,1.1
1782554916,2026-06-27T10:08:36Z,200,2.4
1782554917,2026-06-27T10:08:37Z,200,2.4
1782554918,2026-06-27T10:08:39Z,200,1.2
1782554920,2026-06-27T10:08:40Z,200,1.1
1782554921,2026-06-27T10:08:41Z,200,1.0
1782554922,2026-06-27T10:08:42Z,200,1.7
1782554923,2026-06-27T10:08:43Z,200,0.9
1782554924,2026-06-27T10:08:44Z,200,0.8
1782554925,2026-06-27T10:08:45Z,200,1.0
1782554926,2026-06-27T10:08:46Z,200,1.5
1782554927,2026-06-27T10:08:47Z,200,1.1
1782554928,2026-06-27T10:08:48Z,200,0.8
1782554929,2026-06-27T10:08:49Z,200,1.9
1782554930,2026-06-27T10:08:50Z,200,1.1
1782554931,2026-06-27T10:08:51Z,200,1.8
1782554932,2026-06-27T10:08:52Z,200,0.4
1782554933,2026-06-27T10:08:53Z,200,1.5
1782554934,2026-06-27T10:08:54Z,200,1.1
1782554935,2026-06-27T10:08:55Z,200,1.5
1782554936,2026-06-27T10:08:56Z,200,1.0
1782554937,2026-06-27T10:08:57Z,200,1.1
1782554938,2026-06-27T10:08:58Z,200,0.8
1782554939,2026-06-27T10:08:59Z,200,0.8
1782554940,2026-06-27T10:09:00Z,200,1.2
1782554941,2026-06-27T10:09:01Z,200,1.1
1782554942,2026-06-27T10:09:02Z,200,1.4
1782554943,2026-06-27T10:09:03Z,200,0.9
1782554944,2026-06-27T10:09:04Z,200,1.8
1782554945,2026-06-27T10:09:05Z,200,1.1
1782554946,2026-06-27T10:09:06Z,200,0.5
1782554947,2026-06-27T10:09:07Z,200,1.6
1782554948,2026-06-27T10:09:08Z,200,1.1
1782554949,2026-06-27T10:09:09Z,200,1.7
1782554951,2026-06-27T10:09:11Z,200,1.6
1782554952,2026-06-27T10:09:12Z,200,1.6
1782554953,2026-06-27T10:09:13Z,200,0.9
1782554954,2026-06-27T10:09:14Z,200,1.0
1782554955,2026-06-27T10:09:15Z,200,0.9
1782554956,2026-06-27T10:09:16Z,200,0.7
1782554957,2026-06-27T10:09:17Z,200,1.0
1782554958,2026-06-27T10:09:18Z,200,1.2
1782554959,2026-06-27T10:09:19Z,200,1.5
1782554960,2026-06-27T10:09:20Z,200,1.3
1782554961,2026-06-27T10:09:21Z,200,0.5
1782554962,2026-06-27T10:09:22Z,200,1.0
1782554963,2026-06-27T10:09:23Z,200,0.7
1782554964,2026-06-27T10:09:24Z,200,1.1
1782554965,2026-06-27T10:09:25Z,200,0.9
1782554966,2026-06-27T10:09:26Z,200,1.9
1782554967,2026-06-27T10:09:27Z,200,1.4
1782554968,2026-06-27T10:09:28Z,200,0.6
1782554969,2026-06-27T10:09:29Z,200,0.3
1782554970,2026-06-27T10:09:30Z,200,1.7
1782554971,2026-06-27T10:09:31Z,200,1.3
1782554972,2026-06-27T10:09:32Z,200,0.9
1782554973,2026-06-27T10:09:33Z,200,2.0
1782554974,2026-06-27T10:09:34Z,200,1.6
1782554975,2026-06-27T10:09:35Z,200,1.3
1782554976,2026-06-27T10:09:36Z,200,0.8
1782554977,2026-06-27T10:09:37Z,200,0.9
1782554978,2026-06-27T10:09:38Z,200,1.9
1782554979,2026-06-27T10:09:39Z,200,0.5
1782554980,2026-06-27T10:09:40Z,200,1.5
1782554981,2026-06-27T10:09:42Z,200,1.0
1782554983,2026-06-27T10:09:43Z,200,1.0
1782554984,2026-06-27T10:09:44Z,200,1.2
1782554985,2026-06-27T10:09:45Z,200,1.6
1782554986,2026-06-27T10:09:46Z,200,0.8
1782554987,2026-06-27T10:09:47Z,200,0.8
1782554988,2026-06-27T10:09:48Z,200,0.9
1782554989,2026-06-27T10:09:49Z,200,2.1
1782554990,2026-06-27T10:09:50Z,200,0.7
1782554991,2026-06-27T10:09:51Z,200,0.9
1782554992,2026-06-27T10:09:52Z,200,1.4
1782554993,2026-06-27T10:09:53Z,200,0.7
1782554994,2026-06-27T10:09:54Z,200,1.0
1782554995,2026-06-27T10:09:55Z,200,2.4
1782554996,2026-06-27T10:09:56Z,200,2.0
1782554997,2026-06-27T10:09:57Z,200,1.2
1782554998,2026-06-27T10:09:58Z,200,1.6
1782554999,2026-06-27T10:09:59Z,200,1.9
1782555000,2026-06-27T10:10:00Z,200,1.5
1782555001,2026-06-27T10:10:01Z,200,1.1
1782555002,2026-06-27T10:10:02Z,200,1.7
1782555003,2026-06-27T10:10:03Z,200,1.4
1782555004,2026-06-27T10:10:04Z,200,1.5
1782555005,2026-06-27T10:10:05Z,200,0.5
1782555006,2026-06-27T10:10:06Z,200,1.1
1782555007,2026-06-27T10:10:07Z,200,1.4
1782555008,2026-06-27T10:10:08Z,200,2.1
1782555009,2026-06-27T10:10:09Z,200,0.6
1782555010,2026-06-27T10:10:10Z,200,1.0
1782555011,2026-06-27T10:10:11Z,200,1.5
1782555012,2026-06-27T10:10:12Z,200,1.3
1782555014,2026-06-27T10:10:14Z,200,0.9
1782555015,2026-06-27T10:10:15Z,200,1.1
1782555016,2026-06-27T10:10:16Z,200,1.3
1782555017,2026-06-27T10:10:17Z,200,1.0
1782555018,2026-06-27T10:10:18Z,200,1.2
1782555019,2026-06-27T10:10:19Z,200,2.1
1782555020,2026-06-27T10:10:20Z,200,1.5
1782555021,2026-06-27T10:10:21Z,200,1.7
1782555022,2026-06-27T10:10:22Z,200,1.5
1782555023,2026-06-27T10:10:23Z,200,1.4
1782555024,2026-06-27T10:10:24Z,200,1.3
1782555025,2026-06-27T10:10:25Z,200,2.8
1782555026,2026-06-27T10:10:26Z,200,0.9
1782555027,2026-06-27T10:10:27Z,200,0.3
1782555028,2026-06-27T10:10:28Z,200,1.9
1782555029,2026-06-27T10:10:29Z,200,0.8
1782555030,2026-06-27T10:10:30Z,200,1.0
1782555031,2026-06-27T10:10:31Z,200,1.1
1782555032,2026-06-27T10:10:32Z,200,1.0
1782555033,2026-06-27T10:10:33Z,200,1.3
1782555034,2026-06-27T10:10:34Z,200,0.8
1782555035,2026-06-27T10:10:35Z,200,2.3
1782555036,2026-06-27T10:10:36Z,200,0.9
1782555037,2026-06-27T10:10:37Z,200,0.8
1782555038,2026-06-27T10:10:38Z,200,1.8
1782555039,2026-06-27T10:10:39Z,200,0.7
1782555040,2026-06-27T10:10:40Z,200,1.1
1782555041,2026-06-27T10:10:41Z,200,1.7
1782555042,2026-06-27T10:10:42Z,200,0.9
1782555043,2026-06-27T10:10:43Z,200,0.9
1782555044,2026-06-27T10:10:45Z,200,1.2
1782555046,2026-06-27T10:10:46Z,200,1.6
1782555047,2026-06-27T10:10:47Z,200,1.2
1782555048,2026-06-27T10:10:48Z,200,1.0
1782555049,2026-06-27T10:10:49Z,200,1.7
1782555050,2026-06-27T10:10:50Z,200,1.1
1782555051,2026-06-27T10:10:51Z,200,0.7
1782555052,2026-06-27T10:10:52Z,200,0.8
1782555053,2026-06-27T10:10:53Z,200,1.4
1782555054,2026-06-27T10:10:54Z,200,1.6
1782555055,2026-06-27T10:10:55Z,200,1.5
1782555056,2026-06-27T10:10:56Z,200,2.5
1782555057,2026-06-27T10:10:57Z,200,0.8
1782555058,2026-06-27T10:10:58Z,200,0.9
1782555059,2026-06-27T10:10:59Z,200,0.8
1782555060,2026-06-27T10:11:00Z,200,1.4
1782555061,2026-06-27T10:11:01Z,200,1.4
1782555062,2026-06-27T10:11:02Z,200,1.0
1782555063,2026-06-27T10:11:03Z,200,1.6
1782555064,2026-06-27T10:11:04Z,200,1.1
1782555065,2026-06-27T10:11:05Z,200,0.4
1782555066,2026-06-27T10:11:06Z,200,2.1
1782555067,2026-06-27T10:11:07Z,200,0.4
1782555068,2026-06-27T10:11:08Z,200,0.9
1782555069,2026-06-27T10:11:09Z,200,0.9
1782555070,2026-06-27T10:11:10Z,200,1.4
1782555071,2026-06-27T10:11:11Z,200,1.5
1782555072,2026-06-27T10:11:12Z,200,1.1
1782555073,2026-06-27T10:11:13Z,200,1.2
1782555074,2026-06-27T10:11:14Z,200,1.7
1782555075,2026-06-27T10:11:15Z,200,1.2
1782555076,2026-06-27T10:11:17Z,200,0.7
1782555078,2026-06-27T10:11:18Z,200,1.0
1782555079,2026-06-27T10:11:19Z,200,1.2
1782555080,2026-06-27T10:11:20Z,200,1.4
1782555081,2026-06-27T10:11:21Z,200,1.6
1782555082,2026-06-27T10:11:22Z,200,1.4
1782555083,2026-06-27T10:11:23Z,200,0.9
1782555084,2026-06-27T10:11:24Z,200,1.2
1782555085,2026-06-27T10:11:25Z,200,0.5
1782555086,2026-06-27T10:11:26Z,200,0.9
1782555087,2026-06-27T10:11:27Z,200,0.7
1782555088,2026-06-27T10:11:28Z,200,1.1
1782555089,2026-06-27T10:11:29Z,200,1.1
1782555090,2026-06-27T10:11:30Z,200,1.0
1782555091,2026-06-27T10:11:31Z,200,0.9
1782555092,2026-06-27T10:11:32Z,200,1.5
1782555093,2026-06-27T10:11:33Z,200,1.5
1782555094,2026-06-27T10:11:34Z,200,1.1
1782555095,2026-06-27T10:11:35Z,200,1.2
1782555096,2026-06-27T10:11:36Z,200,1.5
1782555097,2026-06-27T10:11:37Z,200,1.4
1782555098,2026-06-27T10:11:38Z,200,0.4
1782555099,2026-06-27T10:11:39Z,200,1.8
1782555100,2026-06-27T10:11:40Z,200,0.9
1782555101,2026-06-27T10:11:41Z,200,0.8
1782555102,2026-06-27T10:11:42Z,200,1.3
1782555103,2026-06-27T10:11:43Z,200,0.7
1782555104,2026-06-27T10:11:44Z,200,1.1
1782555105,2026-06-27T10:11:45Z,200,1.4
1782555106,2026-06-27T10:11:46Z,200,0.9
1782555107,2026-06-27T10:11:47Z,200,1.4
1782555108,2026-06-27T10:11:48Z,200,1.0
1782555109,2026-06-27T10:11:50Z,200,0.9
1782555111,2026-06-27T10:11:51Z,200,1.3
1782555112,2026-06-27T10:11:52Z,200,0.9
1782555113,2026-06-27T10:11:53Z,200,1.0
1782555114,2026-06-27T10:11:54Z,200,1.3
1782555115,2026-06-27T10:11:55Z,200,1.4
1782555116,2026-06-27T10:11:56Z,200,0.8
1782555117,2026-06-27T10:11:57Z,200,1.4
1782555118,2026-06-27T10:11:58Z,200,1.2
1782555119,2026-06-27T10:11:59Z,200,1.8
1782555120,2026-06-27T10:12:00Z,200,1.4
1782555121,2026-06-27T10:12:01Z,200,1.7
1782555122,2026-06-27T10:12:02Z,200,1.0
1782555123,2026-06-27T10:12:03Z,200,0.5
1782555124,2026-06-27T10:12:04Z,200,1.3
1782555125,2026-06-27T10:12:05Z,200,1.4
1782555126,2026-06-27T10:12:06Z,200,1.0
1782555127,2026-06-27T10:12:07Z,200,1.6
1782555128,2026-06-27T10:12:08Z,200,1.3
1782555129,2026-06-27T10:12:09Z,200,0.6
1782555130,2026-06-27T10:12:10Z,200,0.8
1782555131,2026-06-27T10:12:11Z,200,1.3
1782555132,2026-06-27T10:12:12Z,200,3.9
1782555133,2026-06-27T10:12:13Z,200,1.2
1782555134,2026-06-27T10:12:14Z,200,0.5
1782555135,2026-06-27T10:12:15Z,200,0.8
1782555136,2026-06-27T10:12:16Z,200,0.7
1782555137,2026-06-27T10:12:17Z,200,0.5
1782555138,2026-06-27T10:12:18Z,200,1.7
1782555140,2026-06-27T10:12:20Z,200,1.1
1782555141,2026-06-27T10:12:21Z,200,0.8
1782555142,2026-06-27T10:12:22Z,200,1.5
1782555143,2026-06-27T10:12:23Z,200,0.9
1782555144,2026-06-27T10:12:24Z,200,1.2
1782555145,2026-06-27T10:12:25Z,200,0.8
1782555146,2026-06-27T10:12:26Z,200,1.0
1782555147,2026-06-27T10:12:27Z,200,1.4
1782555148,2026-06-27T10:12:28Z,200,1.5
1782555149,2026-06-27T10:12:29Z,200,0.8
1782555150,2026-06-27T10:12:30Z,200,1.5
1782555151,2026-06-27T10:12:31Z,200,1.1
1782555152,2026-06-27T10:12:32Z,200,1.0
1782555153,2026-06-27T10:12:33Z,200,1.3
1782555154,2026-06-27T10:12:34Z,200,0.9
1782555155,2026-06-27T10:12:35Z,200,0.8
1782555156,2026-06-27T10:12:36Z,200,1.5
1782555157,2026-06-27T10:12:37Z,200,1.8
1782555158,2026-06-27T10:12:38Z,200,1.1
1782555159,2026-06-27T10:12:39Z,200,1.5
1782555160,2026-06-27T10:12:40Z,200,0.9
1782555161,2026-06-27T10:12:41Z,200,1.7
1782555162,2026-06-27T10:12:42Z,200,1.0
1782555163,2026-06-27T10:12:43Z,200,1.2
1782555164,2026-06-27T10:12:44Z,200,1.4
1782555165,2026-06-27T10:12:45Z,200,1.4
1782555166,2026-06-27T10:12:46Z,200,0.8
1782555167,2026-06-27T10:12:47Z,200,0.8
1782555168,2026-06-27T10:12:48Z,200,0.8
1782555169,2026-06-27T10:12:49Z,200,1.4
1782555170,2026-06-27T10:12:50Z,200,1.5
1782555171,2026-06-27T10:12:51Z,200,0.5
1782555172,2026-06-27T10:12:52Z,200,0.9
1782555173,2026-06-27T10:12:54Z,200,1.1
1782555175,2026-06-27T10:12:55Z,200,1.5
1782555176,2026-06-27T10:12:56Z,200,0.8
1782555177,2026-06-27T10:12:57Z,200,0.9
1782555178,2026-06-27T10:12:58Z,200,0.6
1782555179,2026-06-27T10:12:59Z,200,1.4
1782555180,2026-06-27T10:13:00Z,200,1.3
1782555181,2026-06-27T10:13:01Z,200,1.1
1782555182,2026-06-27T10:13:02Z,200,1.0
1782555183,2026-06-27T10:13:03Z,200,1.0
1782555184,2026-06-27T10:13:04Z,200,0.8
1782555185,2026-06-27T10:13:05Z,200,0.7
1782555186,2026-06-27T10:13:06Z,200,1.1
1782555187,2026-06-27T10:13:07Z,200,0.5
1782555188,2026-06-27T10:13:08Z,200,1.3
1782555189,2026-06-27T10:13:09Z,200,1.6
1782555190,2026-06-27T10:13:10Z,200,1.9
1782555191,2026-06-27T10:13:11Z,200,1.9
1782555192,2026-06-27T10:13:12Z,200,0.8
1782555193,2026-06-27T10:13:13Z,200,0.6
1782555194,2026-06-27T10:13:14Z,200,1.0
1782555195,2026-06-27T10:13:15Z,200,0.9
1782555196,2026-06-27T10:13:16Z,200,1.4
1782555197,2026-06-27T10:13:17Z,200,0.8
1782555198,2026-06-27T10:13:18Z,200,0.3
1782555199,2026-06-27T10:13:19Z,200,1.3
1782555200,2026-06-27T10:13:20Z,200,1.2
1782555201,2026-06-27T10:13:21Z,200,1.0
1782555202,2026-06-27T10:13:22Z,200,1.2
1782555203,2026-06-27T10:13:23Z,200,1.8
1782555204,2026-06-27T10:13:24Z,200,1.3
1782555205,2026-06-27T10:13:25Z,200,0.8
1782555206,2026-06-27T10:13:26Z,200,1.1
1782555207,2026-06-27T10:13:27Z,200,1.2
1782555209,2026-06-27T10:13:29Z,200,1.1
1782555210,2026-06-27T10:13:30Z,200,1.0
1782555211,2026-06-27T10:13:31Z,200,0.9
1782555212,2026-06-27T10:13:32Z,200,1.1
1782555213,2026-06-27T10:13:33Z,200,1.7
1782555214,2026-06-27T10:13:34Z,200,1.0
1782555215,2026-06-27T10:13:35Z,200,1.3
1782555216,2026-06-27T10:13:36Z,200,1.2
1782555217,2026-06-27T10:13:37Z,200,1.1
1782555218,2026-06-27T10:13:38Z,200,1.0
1782555219,2026-06-27T10:13:39Z,200,0.7
1782555220,2026-06-27T10:13:40Z,200,0.9
1782555221,2026-06-27T10:13:41Z,200,1.0
1782555222,2026-06-27T10:13:42Z,200,0.8
1782555223,2026-06-27T10:13:43Z,200,1.0
1782555224,2026-06-27T10:13:44Z,200,1.6
1782555225,2026-06-27T10:13:45Z,200,1.6
1782555226,2026-06-27T10:13:46Z,200,1.4
1782555227,2026-06-27T10:13:47Z,200,1.2
1782555228,2026-06-27T10:13:48Z,200,1.3
1782555229,2026-06-27T10:13:49Z,200,0.4
1782555230,2026-06-27T10:13:50Z,200,1.6
1782555231,2026-06-27T10:13:51Z,200,1.0
1782555232,2026-06-27T10:13:52Z,200,0.8
1782555233,2026-06-27T10:13:53Z,200,1.0
1782555234,2026-06-27T10:13:54Z,200,1.2
1782555235,2026-06-27T10:13:55Z,200,1.0
1782555236,2026-06-27T10:13:56Z,200,1.2
1782555237,2026-06-27T10:13:57Z,200,1.6
1782555238,2026-06-27T10:13:58Z,200,1.0
1782555239,2026-06-27T10:13:59Z,200,1.3
1782555240,2026-06-27T10:14:00Z,200,1.6
1782555241,2026-06-27T10:14:01Z,200,0.8
1782555242,2026-06-27T10:14:03Z,200,0.7
1782555244,2026-06-27T10:14:04Z,200,1.3
1782555245,2026-06-27T10:14:05Z,200,1.6
1782555246,2026-06-27T10:14:06Z,200,1.8
1782555247,2026-06-27T10:14:07Z,200,2.0
1782555248,2026-06-27T10:14:08Z,200,1.2
1782555249,2026-06-27T10:14:09Z,200,1.4
1782555250,2026-06-27T10:14:10Z,200,1.6
1782555251,2026-06-27T10:14:11Z,200,0.5
1782555252,2026-06-27T10:14:12Z,200,1.3
1782555253,2026-06-27T10:14:13Z,200,1.6
1782555254,2026-06-27T10:14:14Z,200,1.3
1782555255,2026-06-27T10:14:15Z,200,1.6
1782555256,2026-06-27T10:14:16Z,200,1.1
1782555257,2026-06-27T10:14:17Z,200,1.9
1782555258,2026-06-27T10:14:18Z,200,1.8
1782555259,2026-06-27T10:14:19Z,200,1.8
1782555260,2026-06-27T10:14:20Z,200,1.1
1782555261,2026-06-27T10:14:21Z,200,1.2
1782555262,2026-06-27T10:14:22Z,200,0.4
1782555263,2026-06-27T10:14:23Z,200,1.1
1782555264,2026-06-27T10:14:24Z,200,1.7
1782555265,2026-06-27T10:14:25Z,200,0.7
1782555266,2026-06-27T10:14:26Z,200,1.1
1782555267,2026-06-27T10:14:27Z,200,1.0
1782555268,2026-06-27T10:14:28Z,200,1.7
1782555269,2026-06-27T10:14:29Z,200,1.4
1782555270,2026-06-27T10:14:30Z,200,0.9
1782555271,2026-06-27T10:14:31Z,200,0.5
1782555272,2026-06-27T10:14:32Z,200,1.3
1782555273,2026-06-27T10:14:33Z,200,1.4
1782555274,2026-06-27T10:14:34Z,200,1.0
1782555275,2026-06-27T10:14:35Z,200,1.0
1782555276,2026-06-27T10:14:37Z,200,1.0
1782555278,2026-06-27T10:14:38Z,200,1.5
1782555279,2026-06-27T10:14:39Z,200,1.4
1782555280,2026-06-27T10:14:40Z,200,0.8
1782555281,2026-06-27T10:14:41Z,200,1.4
1782555282,2026-06-27T10:14:42Z,200,0.7
1782555283,2026-06-27T10:14:43Z,200,0.7
1782555284,2026-06-27T10:14:44Z,200,1.2
1782555285,2026-06-27T10:14:45Z,200,1.3
1782555286,2026-06-27T10:14:46Z,200,1.8
1782555287,2026-06-27T10:14:47Z,200,1.4
1782555288,2026-06-27T10:14:48Z,200,1.3
1782555289,2026-06-27T10:14:49Z,200,1.3
1782555290,2026-06-27T10:14:50Z,200,0.8
1782555291,2026-06-27T10:14:51Z,200,1.1
1782555292,2026-06-27T10:14:52Z,200,0.6
1782555293,2026-06-27T10:14:53Z,200,0.4
1782555294,2026-06-27T10:14:54Z,200,1.7
1782555295,2026-06-27T10:14:55Z,200,1.7
1782555296,2026-06-27T10:14:56Z,200,0.9
1782555297,2026-06-27T10:14:57Z,200,0.8
1782555298,2026-06-27T10:14:58Z,200,1.3
1782555299,2026-06-27T10:14:59Z,200,1.2
1782555300,2026-06-27T10:15:00Z,200,1.2
1782555301,2026-06-27T10:15:01Z,200,1.8
1782555302,2026-06-27T10:15:02Z,200,1.2
1782555303,2026-06-27T10:15:03Z,200,0.4
1782555304,2026-06-27T10:15:04Z,200,0.7
1782555305,2026-06-27T10:15:05Z,200,0.9
1782555306,2026-06-27T10:15:06Z,200,1.4
1782555307,2026-06-27T10:15:07Z,200,1.1
1782555308,2026-06-27T10:15:08Z,200,1.6
1782555309,2026-06-27T10:15:09Z,200,1.5
1782555311,2026-06-27T10:15:11Z,200,0.9
1782555312,2026-06-27T10:15:12Z,200,1.3
1782555313,2026-06-27T10:15:13Z,200,1.2
1782555314,2026-06-27T10:15:14Z,200,1.0
1782555315,2026-06-27T10:15:15Z,200,1.6
1782555316,2026-06-27T10:15:16Z,200,1.4
1782555317,2026-06-27T10:15:17Z,200,1.1
1782555318,2026-06-27T10:15:18Z,200,0.9
1782555319,2026-06-27T10:15:19Z,200,1.6
1782555320,2026-06-27T10:15:20Z,200,2.1
1782555321,2026-06-27T10:15:21Z,200,1.9
1782555322,2026-06-27T10:15:22Z,200,0.5
1782555323,2026-06-27T10:15:23Z,200,0.6
1782555324,2026-06-27T10:15:24Z,200,0.5
1782555325,2026-06-27T10:15:25Z,200,1.1
1782555326,2026-06-27T10:15:26Z,200,1.2
1782555327,2026-06-27T10:15:27Z,200,1.3
1782555328,2026-06-27T10:15:28Z,200,1.1
1782555329,2026-06-27T10:15:29Z,200,1.1
1782555330,2026-06-27T10:15:30Z,200,1.4
1782555331,2026-06-27T10:15:31Z,200,1.2
1782555332,2026-06-27T10:15:32Z,200,0.8
1782555333,2026-06-27T10:15:33Z,200,0.8
1782555334,2026-06-27T10:15:34Z,200,0.8
1782555335,2026-06-27T10:15:35Z,200,1.1
1782555336,2026-06-27T10:15:36Z,200,1.2
1782555337,2026-06-27T10:15:37Z,200,1.1
1782555338,2026-06-27T10:15:38Z,200,1.5
1782555339,2026-06-27T10:15:39Z,200,1.9
1782555340,2026-06-27T10:15:40Z,200,1.1
1782555341,2026-06-27T10:15:41Z,200,1.2
1782555342,2026-06-27T10:15:42Z,200,0.9
1782555343,2026-06-27T10:15:43Z,200,1.2
1782555345,2026-06-27T10:15:45Z,200,1.0
1782555346,2026-06-27T10:15:46Z,200,1.1
1782555347,2026-06-27T10:15:47Z,200,1.1
1782555348,2026-06-27T10:15:48Z,200,1.0
1782555349,2026-06-27T10:15:49Z,200,1.1
1782555350,2026-06-27T10:15:50Z,200,1.3
1782555351,2026-06-27T10:15:51Z,200,0.9
1782555352,2026-06-27T10:15:52Z,200,1.8
1782555353,2026-06-27T10:15:53Z,200,1.3
1782555354,2026-06-27T10:15:54Z,200,1.1
1782555355,2026-06-27T10:15:55Z,200,1.1
1782555356,2026-06-27T10:15:56Z,200,2.2
1782555357,2026-06-27T10:15:57Z,200,1.1
1782555358,2026-06-27T10:15:58Z,200,0.6
1782555359,2026-06-27T10:15:59Z,200,1.4
1782555360,2026-06-27T10:16:00Z,200,2.0
1782555361,2026-06-27T10:16:01Z,200,1.0
1782555362,2026-06-27T10:16:02Z,200,1.1
1782555363,2026-06-27T10:16:03Z,200,0.9
1782555364,2026-06-27T10:16:04Z,200,1.1
1782555365,2026-06-27T10:16:05Z,200,0.6
1782555366,2026-06-27T10:16:06Z,200,1.1
1782555367,2026-06-27T10:16:07Z,200,0.9
1782555368,2026-06-27T10:16:08Z,200,0.9
1782555369,2026-06-27T10:16:09Z,200,0.8
1782555370,2026-06-27T10:16:10Z,200,1.0
1782555371,2026-06-27T10:16:11Z,200,0.8
1782555372,2026-06-27T10:16:12Z,200,1.7
1782555373,2026-06-27T10:16:13Z,200,1.4
1782555374,2026-06-27T10:16:14Z,200,0.7
1782555375,2026-06-27T10:16:15Z,200,1.2
1782555376,2026-06-27T10:16:16Z,200,1.4
1782555377,2026-06-27T10:16:17Z,200,1.1
1782555378,2026-06-27T10:16:19Z,200,1.2
1782555380,2026-06-27T10:16:20Z,200,0.9
1782555381,2026-06-27T10:16:21Z,200,0.8
1782555382,2026-06-27T10:16:22Z,200,0.3
1782555383,2026-06-27T10:16:23Z,200,1.0
1782555384,2026-06-27T10:16:24Z,200,1.4
1782555385,2026-06-27T10:16:25Z,200,0.6
1782555386,2026-06-27T10:16:26Z,200,0.8
1782555387,2026-06-27T10:16:27Z,200,1.3
1782555388,2026-06-27T10:16:28Z,200,0.3
1782555389,2026-06-27T10:16:29Z,200,1.4
1782555390,2026-06-27T10:16:30Z,200,1.9
1782555391,2026-06-27T10:16:31Z,200,1.6
1782555392,2026-06-27T10:16:32Z,200,0.8
1782555393,2026-06-27T10:16:33Z,200,1.0
1782555394,2026-06-27T10:16:34Z,200,0.7
1782555395,2026-06-27T10:16:35Z,200,0.9
1782555396,2026-06-27T10:16:36Z,200,0.7
1782555397,2026-06-27T10:16:37Z,200,1.2
1782555398,2026-06-27T10:16:38Z,200,0.9
1782555399,2026-06-27T10:16:39Z,200,1.1
1782555400,2026-06-27T10:16:40Z,200,1.0
1782555401,2026-06-27T10:16:41Z,200,1.4
1782555402,2026-06-27T10:16:42Z,200,0.9
1782555403,2026-06-27T10:16:43Z,200,0.7
1782555404,2026-06-27T10:16:44Z,200,1.5
1782555405,2026-06-27T10:16:45Z,200,0.6
1782555406,2026-06-27T10:16:46Z,200,1.8
1782555407,2026-06-27T10:16:47Z,200,1.0
1782555408,2026-06-27T10:16:48Z,200,1.0
1782555409,2026-06-27T10:16:49Z,200,0.8
1782555410,2026-06-27T10:16:50Z,200,0.9
1782555411,2026-06-27T10:16:51Z,200,1.4
1782555412,2026-06-27T10:16:52Z,200,1.5
1782555413,2026-06-27T10:16:54Z,200,1.2
1782555415,2026-06-27T10:16:55Z,200,1.3
1782555416,2026-06-27T10:16:56Z,200,0.4
1782555417,2026-06-27T10:16:57Z,200,1.1
1782555418,2026-06-27T10:16:58Z,200,1.3
1782555419,2026-06-27T10:16:59Z,200,1.3
1782555420,2026-06-27T10:17:00Z,200,0.6
1782555421,2026-06-27T10:17:01Z,200,1.0
1782555422,2026-06-27T10:17:02Z,200,0.8
1782555423,2026-06-27T10:17:03Z,200,1.3
1782555424,2026-06-27T10:17:04Z,200,1.1
1782555425,2026-06-27T10:17:05Z,200,0.8
1782555426,2026-06-27T10:17:06Z,200,1.4
1782555427,2026-06-27T10:17:07Z,200,1.2
1782555428,2026-06-27T10:17:08Z,200,0.6
1782555429,2026-06-27T10:17:09Z,200,1.6
1782555430,2026-06-27T10:17:10Z,200,0.5
1782555431,2026-06-27T10:17:11Z,200,0.7
1782555432,2026-06-27T10:17:12Z,200,0.9
1782555433,2026-06-27T10:17:13Z,200,0.4
1782555434,2026-06-27T10:17:14Z,200,0.6
1782555435,2026-06-27T10:17:15Z,200,1.0
1782555436,2026-06-27T10:17:16Z,200,0.7
1782555437,2026-06-27T10:17:17Z,200,1.4
1782555438,2026-06-27T10:17:18Z,200,1.1
1782555439,2026-06-27T10:17:19Z,200,1.0
1782555440,2026-06-27T10:17:20Z,200,1.2
1782555441,2026-06-27T10:17:21Z,200,1.0
1782555442,2026-06-27T10:17:22Z,200,1.4
1782555443,2026-06-27T10:17:23Z,200,1.6
1782555444,2026-06-27T10:17:24Z,200,0.8
1782555445,2026-06-27T10:17:25Z,200,1.3
1782555446,2026-06-27T10:17:26Z,200,1.3
1782555447,2026-06-27T10:17:27Z,200,0.6
1782555449,2026-06-27T10:17:29Z,200,0.7
1782555450,2026-06-27T10:17:30Z,200,0.8
1782555451,2026-06-27T10:17:31Z,200,2.3
1782555452,2026-06-27T10:17:32Z,200,0.8
1782555453,2026-06-27T10:17:33Z,200,1.1
1782555454,2026-06-27T10:17:34Z,200,1.0
1782555455,2026-06-27T10:17:35Z,200,1.1
1782555456,2026-06-27T10:17:36Z,200,0.9
1782555457,2026-06-27T10:17:37Z,200,0.8
1782555458,2026-06-27T10:17:38Z,200,0.8
1782555459,2026-06-27T10:17:39Z,200,1.5
1782555460,2026-06-27T10:17:40Z,200,1.2
1782555461,2026-06-27T10:17:41Z,200,1.2
1782555462,2026-06-27T10:17:42Z,200,0.6
1782555463,2026-06-27T10:17:43Z,200,2.0
1782555464,2026-06-27T10:17:44Z,200,0.5
1782555465,2026-06-27T10:17:45Z,200,0.9
1782555466,2026-06-27T10:17:46Z,200,1.1
1782555467,2026-06-27T10:17:47Z,200,0.5
1782555468,2026-06-27T10:17:48Z,200,1.3
1782555469,2026-06-27T10:17:49Z,200,1.5
1782555470,2026-06-27T10:17:50Z,200,0.7
1782555471,2026-06-27T10:17:51Z,200,0.5
1782555472,2026-06-27T10:17:52Z,200,1.3
1782555473,2026-06-27T10:17:53Z,200,1.8
1782555474,2026-06-27T10:17:54Z,200,1.0
1782555475,2026-06-27T10:17:55Z,200,1.6
1782555476,2026-06-27T10:17:56Z,200,1.2
1782555477,2026-06-27T10:17:57Z,200,0.9
1782555478,2026-06-27T10:17:58Z,200,0.8
1782555479,2026-06-27T10:17:59Z,200,1.9
1782555480,2026-06-27T10:18:00Z,200,0.9
1782555481,2026-06-27T10:18:01Z,200,0.6
1782555482,2026-06-27T10:18:03Z,200,1.0
1782555484,2026-06-27T10:18:04Z,200,0.9
1782555485,2026-06-27T10:18:05Z,200,1.2
1782555486,2026-06-27T10:18:06Z,200,0.5
1782555487,2026-06-27T10:18:07Z,200,1.2
1782555488,2026-06-27T10:18:08Z,200,1.4
1782555489,2026-06-27T10:18:09Z,200,1.0
1782555490,2026-06-27T10:18:10Z,200,1.3
1782555491,2026-06-27T10:18:11Z,200,1.7
1782555492,2026-06-27T10:18:12Z,200,1.0
1782555493,2026-06-27T10:18:13Z,200,0.7
1782555494,2026-06-27T10:18:14Z,200,1.1
1782555495,2026-06-27T10:18:15Z,200,1.4
1782555496,2026-06-27T10:18:16Z,200,1.1
1782555497,2026-06-27T10:18:17Z,200,1.2
1782555498,2026-06-27T10:18:18Z,200,1.0
1782555499,2026-06-27T10:18:19Z,200,0.7
1782555500,2026-06-27T10:18:20Z,200,1.2
1782555501,2026-06-27T10:18:21Z,200,0.8
1782555502,2026-06-27T10:18:22Z,200,1.8
1782555503,2026-06-27T10:18:23Z,200,0.9
1782555504,2026-06-27T10:18:24Z,200,1.3
1782555505,2026-06-27T10:18:25Z,200,0.6
1782555506,2026-06-27T10:18:26Z,200,1.2
1782555507,2026-06-27T10:18:27Z,200,1.3
1782555508,2026-06-27T10:18:28Z,200,0.7
1782555509,2026-06-27T10:18:29Z,200,1.0
1782555510,2026-06-27T10:18:30Z,200,0.7
1782555511,2026-06-27T10:18:31Z,200,1.6
1782555512,2026-06-27T10:18:32Z,200,0.7
1782555513,2026-06-27T10:18:33Z,200,0.9
1782555514,2026-06-27T10:18:34Z,200,0.9
1782555515,2026-06-27T10:18:35Z,200,0.9
1782555516,2026-06-27T10:18:36Z,200,1.0
1782555518,2026-06-27T10:18:38Z,200,1.9
1782555519,2026-06-27T10:18:39Z,200,0.6
1782555520,2026-06-27T10:18:40Z,200,1.0
1782555521,2026-06-27T10:18:41Z,200,0.6
1782555522,2026-06-27T10:18:42Z,200,0.9
1782555523,2026-06-27T10:18:43Z,200,1.0
1782555524,2026-06-27T10:18:44Z,200,1.5
1782555525,2026-06-27T10:18:45Z,200,0.4
1782555526,2026-06-27T10:18:46Z,200,1.3
1782555527,2026-06-27T10:18:47Z,200,1.2
1782555528,2026-06-27T10:18:48Z,200,1.1
1782555529,2026-06-27T10:18:49Z,200,1.0
1782555530,2026-06-27T10:18:50Z,200,0.8
1782555531,2026-06-27T10:18:51Z,200,1.2
1782555532,2026-06-27T10:18:52Z,200,1.2
1782555533,2026-06-27T10:18:53Z,200,0.9
1782555534,2026-06-27T10:18:54Z,200,1.7
1782555535,2026-06-27T10:18:55Z,200,0.8
1782555536,2026-06-27T10:18:56Z,200,0.9
1782555537,2026-06-27T10:18:57Z,200,1.6
1782555538,2026-06-27T10:18:58Z,200,0.9
1782555539,2026-06-27T10:18:59Z,200,1.0
1782555540,2026-06-27T10:19:00Z,200,1.5
1782555541,2026-06-27T10:19:01Z,200,1.1
1782555542,2026-06-27T10:19:02Z,200,0.9
1782555543,2026-06-27T10:19:03Z,200,1.0
1782555544,2026-06-27T10:19:04Z,200,1.4
1782555545,2026-06-27T10:19:05Z,200,1.6
1782555546,2026-06-27T10:19:06Z,200,1.9
1782555547,2026-06-27T10:19:07Z,200,1.9
1782555548,2026-06-27T10:19:08Z,200,1.4
1782555549,2026-06-27T10:19:09Z,200,1.1
1782555550,2026-06-27T10:19:10Z,200,1.6
1782555551,2026-06-27T10:19:12Z,200,1.7
1782555553,2026-06-27T10:19:13Z,200,0.8
1782555554,2026-06-27T10:19:14Z,200,1.6
1782555555,2026-06-27T10:19:15Z,200,1.2
1782555556,2026-06-27T10:19:16Z,200,1.2
1782555557,2026-06-27T10:19:17Z,200,0.8
1782555558,2026-06-27T10:19:18Z,200,0.7
1782555559,2026-06-27T10:19:19Z,200,1.4
1782555560,2026-06-27T10:19:20Z,200,1.0
1782555561,2026-06-27T10:19:21Z,200,1.6
1782555562,2026-06-27T10:19:22Z,200,1.4
1782555563,2026-06-27T10:19:23Z,200,0.9
1782555564,2026-06-27T10:19:24Z,200,1.5
1782555565,2026-06-27T10:19:25Z,200,1.2
1782555566,2026-06-27T10:19:26Z,200,1.0
1782555567,2026-06-27T10:19:27Z,200,1.5
1782555568,2026-06-27T10:19:28Z,200,1.0
1782555569,2026-06-27T10:19:29Z,200,0.9
1782555570,2026-06-27T10:19:30Z,200,0.8
1782555571,2026-06-27T10:19:31Z,200,0.6
1782555572,2026-06-27T10:19:32Z,200,2.0
1782555573,2026-06-27T10:19:33Z,200,0.5
1782555574,2026-06-27T10:19:34Z,200,1.7
1782555575,2026-06-27T10:19:35Z,200,1.8
1782555576,2026-06-27T10:19:36Z,200,1.4
1782555577,2026-06-27T10:19:37Z,200,1.6
1782555578,2026-06-27T10:19:38Z,200,0.9
1782555579,2026-06-27T10:19:39Z,200,1.2
1782555580,2026-06-27T10:19:40Z,200,1.3
1782555581,2026-06-27T10:19:41Z,200,1.2
1782555582,2026-06-27T10:19:42Z,200,0.7
1782555583,2026-06-27T10:19:43Z,200,0.8
1782555584,2026-06-27T10:19:44Z,200,0.7
1782555585,2026-06-27T10:19:46Z,200,1.0
1782555587,2026-06-27T10:19:47Z,200,1.6
1782555588,2026-06-27T10:19:48Z,200,1.1
1782555589,2026-06-27T10:19:49Z,200,0.8
1782555590,2026-06-27T10:19:50Z,200,1.1
1782555591,2026-06-27T10:19:51Z,200,1.6
1782555592,2026-06-27T10:19:52Z,200,0.7
1782555593,2026-06-27T10:19:53Z,200,1.0
1782555594,2026-06-27T10:19:54Z,200,1.2
1782555595,2026-06-27T10:19:55Z,200,1.2
1782555596,2026-06-27T10:19:56Z,200,2.0
1782555597,2026-06-27T10:19:57Z,200,1.1
1782555598,2026-06-27T10:19:58Z,200,1.3
1782555599,2026-06-27T10:19:59Z,200,1.4
1782555600,2026-06-27T10:20:00Z,200,0.9
1782555601,2026-06-27T10:20:01Z,200,0.9
1782555602,2026-06-27T10:20:02Z,200,0.7
1782555603,2026-06-27T10:20:03Z,200,0.9
1782555604,2026-06-27T10:20:04Z,200,1.1
1782555605,2026-06-27T10:20:05Z,200,0.7
1782555606,2026-06-27T10:20:06Z,200,1.0
1782555607,2026-06-27T10:20:07Z,200,0.6
1782555608,2026-06-27T10:20:08Z,200,0.6
1782555609,2026-06-27T10:20:09Z,200,0.6
1782555610,2026-06-27T10:20:10Z,200,0.7
1782555611,2026-06-27T10:20:11Z,200,1.1
1782555612,2026-06-27T10:20:12Z,200,0.4
1782555613,2026-06-27T10:20:13Z,200,1.3
1782555614,2026-06-27T10:20:14Z,200,1.2
1782555615,2026-06-27T10:20:15Z,200,1.0
1782555616,2026-06-27T10:20:16Z,200,1.2
1782555617,2026-06-27T10:20:17Z,200,1.1
1782555618,2026-06-27T10:20:18Z,200,1.3
1782555620,2026-06-27T10:20:20Z,200,0.9
1782555621,2026-06-27T10:20:21Z,200,0.9
1782555622,2026-06-27T10:20:22Z,200,0.7
1782555623,2026-06-27T10:20:23Z,200,1.5
1782555624,2026-06-27T10:20:24Z,200,1.1
1782555625,2026-06-27T10:20:25Z,200,1.8
1782555626,2026-06-27T10:20:26Z,200,0.9
1782555627,2026-06-27T10:20:27Z,200,0.8
1782555628,2026-06-27T10:20:28Z,200,0.5
1782555629,2026-06-27T10:20:29Z,200,0.7
1782555630,2026-06-27T10:20:30Z,200,1.2
1782555631,2026-06-27T10:20:31Z,200,1.4
1782555632,2026-06-27T10:20:32Z,200,2.1
1782555633,2026-06-27T10:20:33Z,200,0.9
1782555634,2026-06-27T10:20:34Z,200,1.0
1782555635,2026-06-27T10:20:35Z,200,1.2
1782555636,2026-06-27T10:20:36Z,200,0.6
1782555637,2026-06-27T10:20:37Z,200,1.3
1782555638,2026-06-27T10:20:38Z,200,1.3
1782555639,2026-06-27T10:20:39Z,200,1.0
1782555640,2026-06-27T10:20:40Z,200,0.8
1782555641,2026-06-27T10:20:41Z,200,1.3
1782555642,2026-06-27T10:20:42Z,200,0.6
1782555643,2026-06-27T10:20:43Z,200,0.8
1782555644,2026-06-27T10:20:44Z,200,1.4
1782555645,2026-06-27T10:20:45Z,200,1.5
1782555646,2026-06-27T10:20:46Z,200,1.0
1782555647,2026-06-27T10:20:47Z,200,0.8
1782555648,2026-06-27T10:20:48Z,200,1.1
1782555649,2026-06-27T10:20:49Z,200,1.0
1782555650,2026-06-27T10:20:50Z,200,1.9
1782555651,2026-06-27T10:20:51Z,200,1.2
1782555652,2026-06-27T10:20:52Z,200,1.7
1782555654,2026-06-27T10:20:54Z,200,1.3
1782555655,2026-06-27T10:20:55Z,200,1.8
1782555656,2026-06-27T10:20:56Z,200,1.1
1782555657,2026-06-27T10:20:57Z,200,1.1
1782555658,2026-06-27T10:20:58Z,200,2.0
1782555659,2026-06-27T10:20:59Z,200,0.9
1782555660,2026-06-27T10:21:00Z,200,1.0
1782555661,2026-06-27T10:21:01Z,200,1.2
1782555662,2026-06-27T10:21:02Z,200,1.5
1782555663,2026-06-27T10:21:03Z,200,0.7
1782555664,2026-06-27T10:21:04Z,200,1.2
1782555665,2026-06-27T10:21:05Z,200,1.6
1782555666,2026-06-27T10:21:06Z,200,1.7
1782555667,2026-06-27T10:21:07Z,200,1.5
1782555668,2026-06-27T10:21:08Z,200,1.2
1782555669,2026-06-27T10:21:09Z,200,0.4
1782555670,2026-06-27T10:21:10Z,200,0.8
1782555671,2026-06-27T10:21:11Z,200,0.9
1782555672,2026-06-27T10:21:12Z,200,0.7
1782555673,2026-06-27T10:21:13Z,200,1.9
1782555674,2026-06-27T10:21:14Z,200,1.3
1782555675,2026-06-27T10:21:15Z,200,0.3
1782555676,2026-06-27T10:21:16Z,200,1.4
1782555677,2026-06-27T10:21:17Z,200,1.5
1782555678,2026-06-27T10:21:18Z,200,1.3
1782555679,2026-06-27T10:21:19Z,200,1.3
1782555680,2026-06-27T10:21:20Z,200,1.3
1782555681,2026-06-27T10:21:21Z,200,0.9
1782555682,2026-06-27T10:21:22Z,200,1.6
1782555683,2026-06-27T10:21:23Z,200,1.1
1782555684,2026-06-27T10:21:24Z,200,1.3
1782555685,2026-06-27T10:21:25Z,200,2.0
1782555686,2026-06-27T10:21:26Z,200,0.4
1782555688,2026-06-27T10:21:28Z,200,1.2
1782555689,2026-06-27T10:21:29Z,200,0.3
1782555690,2026-06-27T10:21:30Z,200,1.4
1782555691,2026-06-27T10:21:31Z,200,1.5
1782555692,2026-06-27T10:21:32Z,200,1.3
1782555693,2026-06-27T10:21:33Z,200,0.8
1782555694,2026-06-27T10:21:34Z,200,1.7
1782555695,2026-06-27T10:21:35Z,200,1.2
1782555696,2026-06-27T10:21:36Z,200,1.5
1782555697,2026-06-27T10:21:37Z,200,0.9
1782555698,2026-06-27T10:21:38Z,200,1.1
1782555699,2026-06-27T10:21:39Z,200,1.3
1782555700,2026-06-27T10:21:40Z,200,1.5
1782555701,2026-06-27T10:21:41Z,200,1.2
1782555702,2026-06-27T10:21:42Z,200,0.8
1782555703,2026-06-27T10:21:43Z,200,1.0
1782555704,2026-06-27T10:21:44Z,200,1.1
1782555705,2026-06-27T10:21:45Z,200,0.4
1782555706,2026-06-27T10:21:46Z,200,1.3
1782555707,2026-06-27T10:21:47Z,200,1.4
1782555708,2026-06-27T10:21:48Z,200,1.1
1782555709,2026-06-27T10:21:49Z,200,1.2
1782555710,2026-06-27T10:21:50Z,200,1.2
1782555711,2026-06-27T10:21:51Z,200,0.9
1782555712,2026-06-27T10:21:52Z,200,1.4
1782555713,2026-06-27T10:21:53Z,200,1.2
1782555714,2026-06-27T10:21:54Z,200,1.1
1782555715,2026-06-27T10:21:55Z,200,1.4
1782555716,2026-06-27T10:21:56Z,200,1.6
1782555717,2026-06-27T10:21:57Z,200,1.1
1782555718,2026-06-27T10:21:58Z,200,0.8
1782555719,2026-06-27T10:21:59Z,200,0.6
1782555720,2026-06-27T10:22:00Z,200,1.1
1782555721,2026-06-27T10:22:02Z,200,1.3
1782555723,2026-06-27T10:22:03Z,200,1.6
1782555724,2026-06-27T10:22:04Z,200,1.8
1782555725,2026-06-27T10:22:05Z,200,1.2
1782555726,2026-06-27T10:22:06Z,200,2.1
1782555727,2026-06-27T10:22:07Z,200,1.3
1782555728,2026-06-27T10:22:08Z,200,1.5
1782555729,2026-06-27T10:22:09Z,200,1.4
1782555730,2026-06-27T10:22:10Z,200,1.5
1782555731,2026-06-27T10:22:11Z,200,0.9
1782555732,2026-06-27T10:22:12Z,200,1.4
1782555733,2026-06-27T10:22:13Z,200,1.2
1782555734,2026-06-27T10:22:14Z,200,1.2
1782555735,2026-06-27T10:22:15Z,200,1.9
1782555736,2026-06-27T10:22:16Z,200,1.0
1782555737,2026-06-27T10:22:17Z,200,1.0
1782555738,2026-06-27T10:22:18Z,200,1.3
1782555739,2026-06-27T10:22:19Z,200,1.1
1782555740,2026-06-27T10:22:20Z,200,1.5
1782555741,2026-06-27T10:22:21Z,200,1.5
1782555742,2026-06-27T10:22:22Z,200,1.0
1782555743,2026-06-27T10:22:23Z,200,1.5
1782555744,2026-06-27T10:22:24Z,200,1.0
1782555745,2026-06-27T10:22:25Z,200,1.9
1782555746,2026-06-27T10:22:26Z,200,1.6
1782555747,2026-06-27T10:22:27Z,200,1.3
1782555748,2026-06-27T10:22:28Z,200,1.2
1782555749,2026-06-27T10:22:29Z,200,0.9
1782555750,2026-06-27T10:22:30Z,200,1.5
1782555751,2026-06-27T10:22:31Z,200,1.0
1782555752,2026-06-27T10:22:32Z,200,1.2
1782555753,2026-06-27T10:22:33Z,200,0.4
1782555754,2026-06-27T10:22:34Z,200,1.0
1782555755,2026-06-27T10:22:35Z,200,0.7
1782555757,2026-06-27T10:22:37Z,200,1.1
1782555758,2026-06-27T10:22:38Z,200,0.9
1782555759,2026-06-27T10:22:39Z,200,1.6
1782555760,2026-06-27T10:22:40Z,200,0.9
1782555761,2026-06-27T10:22:41Z,200,1.1
1782555762,2026-06-27T10:22:42Z,200,0.6
1782555763,2026-06-27T10:22:43Z,200,1.0
1782555764,2026-06-27T10:22:44Z,200,1.7
1782555765,2026-06-27T10:22:45Z,200,0.4
1782555766,2026-06-27T10:22:46Z,200,1.1
1782555767,2026-06-27T10:22:47Z,200,1.1
1782555768,2026-06-27T10:22:48Z,200,0.5
1782555769,2026-06-27T10:22:49Z,200,1.3
1782555770,2026-06-27T10:22:50Z,200,1.3
1782555771,2026-06-27T10:22:51Z,200,1.2
1782555772,2026-06-27T10:22:52Z,200,1.1
1782555773,2026-06-27T10:22:53Z,200,0.9
1782555774,2026-06-27T10:22:54Z,200,1.3
1782555775,2026-06-27T10:22:55Z,200,0.9
1782555776,2026-06-27T10:22:56Z,200,1.0
1782555777,2026-06-27T10:22:57Z,200,0.8
1782555778,2026-06-27T10:22:58Z,200,1.1
1782555779,2026-06-27T10:22:59Z,200,0.6
1782555780,2026-06-27T10:23:00Z,200,1.3
1782555781,2026-06-27T10:23:01Z,200,1.2
1782555782,2026-06-27T10:23:02Z,200,1.5
1782555783,2026-06-27T10:23:03Z,200,1.3
1782555784,2026-06-27T10:23:04Z,200,1.0
1782555785,2026-06-27T10:23:05Z,200,0.8
1782555786,2026-06-27T10:23:06Z,200,1.0
1782555787,2026-06-27T10:23:07Z,200,1.3
1782555788,2026-06-27T10:23:08Z,200,1.4
1782555789,2026-06-27T10:23:09Z,200,1.9
1782555790,2026-06-27T10:23:11Z,200,2.0
1782555792,2026-06-27T10:23:12Z,200,0.7
1782555793,2026-06-27T10:23:13Z,200,1.0
1782555794,2026-06-27T10:23:14Z,200,1.4
1782555795,2026-06-27T10:23:15Z,200,1.1
1782555796,2026-06-27T10:23:16Z,200,0.9
1782555797,2026-06-27T10:23:17Z,200,1.0
1782555798,2026-06-27T10:23:18Z,200,1.3
1782555799,2026-06-27T10:23:19Z,200,1.0
1782555800,2026-06-27T10:23:20Z,200,1.1
1782555801,2026-06-27T10:23:21Z,200,0.9
1782555802,2026-06-27T10:23:22Z,200,1.6
1782555803,2026-06-27T10:23:23Z,200,0.9
1782555804,2026-06-27T10:23:24Z,200,1.0
1782555805,2026-06-27T10:23:25Z,200,1.0
1782555806,2026-06-27T10:23:26Z,200,1.3
1782555807,2026-06-27T10:23:27Z,200,1.1
1782555808,2026-06-27T10:23:28Z,200,0.4
1782555809,2026-06-27T10:23:29Z,200,1.6
1782555810,2026-06-27T10:23:30Z,200,1.4
1782555811,2026-06-27T10:23:31Z,200,0.5
1782555812,2026-06-27T10:23:32Z,200,0.8
1782555813,2026-06-27T10:23:33Z,200,0.7
1782555814,2026-06-27T10:23:34Z,200,1.4
1782555815,2026-06-27T10:23:35Z,200,1.0
1782555816,2026-06-27T10:23:36Z,200,0.9
1782555817,2026-06-27T10:23:37Z,200,1.4
1782555818,2026-06-27T10:23:38Z,200,0.7
1782555819,2026-06-27T10:23:39Z,200,0.6
1782555820,2026-06-27T10:23:40Z,200,1.0
1782555821,2026-06-27T10:23:41Z,200,1.4
1782555822,2026-06-27T10:23:42Z,200,0.9
1782555823,2026-06-27T10:23:43Z,200,1.1
1782555824,2026-06-27T10:23:44Z,200,0.8
1782555826,2026-06-27T10:23:46Z,200,1.5
1782555827,2026-06-27T10:23:47Z,200,1.8
1782555828,2026-06-27T10:23:48Z,200,1.7
1782555829,2026-06-27T10:23:49Z,200,1.3
1782555830,2026-06-27T10:23:50Z,200,1.1
1782555831,2026-06-27T10:23:51Z,200,1.3
1782555832,2026-06-27T10:23:52Z,200,1.6
1782555833,2026-06-27T10:23:53Z,200,0.9
1782555834,2026-06-27T10:23:54Z,200,1.3
1782555835,2026-06-27T10:23:55Z,200,0.9
1782555836,2026-06-27T10:23:56Z,200,0.8
1782555837,2026-06-27T10:23:57Z,200,0.9
1782555838,2026-06-27T10:23:58Z,200,0.9
1782555839,2026-06-27T10:23:59Z,200,0.9
1782555840,2026-06-27T10:24:00Z,200,1.3
1782555841,2026-06-27T10:24:01Z,200,1.0
1782555842,2026-06-27T10:24:02Z,200,1.0
1782555843,2026-06-27T10:24:03Z,200,1.0
1782555844,2026-06-27T10:24:04Z,200,1.3
1782555845,2026-06-27T10:24:05Z,200,0.4
1782555846,2026-06-27T10:24:06Z,200,1.7
1782555847,2026-06-27T10:24:07Z,200,1.1
1782555848,2026-06-27T10:24:08Z,200,1.9
1782555849,2026-06-27T10:24:09Z,200,1.0
1782555850,2026-06-27T10:24:10Z,200,0.6
1782555851,2026-06-27T10:24:11Z,200,1.0
1782555852,2026-06-27T10:24:12Z,200,0.6
1782555853,2026-06-27T10:24:13Z,200,0.9
1782555854,2026-06-27T10:24:14Z,200,1.3
1782555855,2026-06-27T10:24:15Z,200,2.0
1782555856,2026-06-27T10:24:16Z,200,1.9
1782555857,2026-06-27T10:24:17Z,200,1.7
1782555858,2026-06-27T10:24:18Z,200,1.1
1782555860,2026-06-27T10:24:20Z,200,1.3
1782555861,2026-06-27T10:24:21Z,200,0.9
1782555862,2026-06-27T10:24:22Z,200,0.8
1782555863,2026-06-27T10:24:23Z,200,1.1
1782555864,2026-06-27T10:24:24Z,200,1.1
1782555865,2026-06-27T10:24:25Z,200,1.1
1782555866,2026-06-27T10:24:26Z,200,0.9
1782555867,2026-06-27T10:24:27Z,200,1.4
1782555868,2026-06-27T10:24:28Z,200,1.3
1782555869,2026-06-27T10:24:29Z,200,0.9
1782555870,2026-06-27T10:24:30Z,200,1.8
1782555871,2026-06-27T10:24:31Z,200,0.9
1782555872,2026-06-27T10:24:32Z,200,1.4
1782555873,2026-06-27T10:24:33Z,200,1.3
1782555874,2026-06-27T10:24:34Z,200,0.8
1782555875,2026-06-27T10:24:35Z,200,0.8
1782555876,2026-06-27T10:24:36Z,200,1.3
1782555877,2026-06-27T10:24:37Z,200,0.6
1782555878,2026-06-27T10:24:38Z,200,0.8
1782555879,2026-06-27T10:24:39Z,200,1.6
1782555880,2026-06-27T10:24:40Z,200,1.0
1782555881,2026-06-27T10:24:41Z,200,1.0
1782555882,2026-06-27T10:24:42Z,200,0.8
1782555883,2026-06-27T10:24:43Z,200,0.9
1782555884,2026-06-27T10:24:44Z,200,1.1
1782555885,2026-06-27T10:24:45Z,200,1.3
1782555886,2026-06-27T10:24:46Z,200,1.8
1782555887,2026-06-27T10:24:47Z,200,1.9
1782555888,2026-06-27T10:24:48Z,200,1.2
1782555889,2026-06-27T10:24:49Z,200,1.1
1782555890,2026-06-27T10:24:50Z,200,1.4
1782555891,2026-06-27T10:24:51Z,200,0.9
1782555892,2026-06-27T10:24:53Z,200,1.0
1782555894,2026-06-27T10:24:54Z,200,0.7
1782555895,2026-06-27T10:24:55Z,200,1.5
1782555896,2026-06-27T10:24:56Z,200,1.1
1782555897,2026-06-27T10:24:57Z,200,1.4
1782555898,2026-06-27T10:24:58Z,200,1.3
1782555899,2026-06-27T10:24:59Z,200,1.4
1782555900,2026-06-27T10:25:00Z,200,0.8
1782555901,2026-06-27T10:25:01Z,200,1.2
1782555902,2026-06-27T10:25:02Z,200,1.1
1782555903,2026-06-27T10:25:03Z,200,0.7
1782555904,2026-06-27T10:25:04Z,200,1.2
1782555905,2026-06-27T10:25:05Z,200,1.3
1782555906,2026-06-27T10:25:06Z,200,0.7
1782555907,2026-06-27T10:25:07Z,200,1.0
1782555908,2026-06-27T10:25:08Z,200,1.0
1782555909,2026-06-27T10:25:09Z,200,1.0
1782555910,2026-06-27T10:25:10Z,200,0.9
1782555911,2026-06-27T10:25:11Z,200,0.5
1782555912,2026-06-27T10:25:12Z,200,0.6
1782555913,2026-06-27T10:25:13Z,200,0.8
1782555914,2026-06-27T10:25:14Z,200,1.2
1782555915,2026-06-27T10:25:15Z,200,1.3
1782555916,2026-06-27T10:25:16Z,200,1.7
1782555917,2026-06-27T10:25:17Z,200,0.6
1782555918,2026-06-27T10:25:18Z,200,0.7
1782555919,2026-06-27T10:25:19Z,200,1.0
1782555920,2026-06-27T10:25:20Z,200,1.2
1782555921,2026-06-27T10:25:21Z,200,1.1
1782555922,2026-06-27T10:25:22Z,200,0.7
1782555923,2026-06-27T10:25:23Z,200,1.1
1782555924,2026-06-27T10:25:24Z,200,1.5
1782555925,2026-06-27T10:25:26Z,200,1.4
1782555927,2026-06-27T10:25:27Z,200,1.2
1782555928,2026-06-27T10:25:28Z,200,0.9
1782555929,2026-06-27T10:25:29Z,200,1.1
1782555930,2026-06-27T10:25:30Z,200,1.9
1782555931,2026-06-27T10:25:31Z,200,0.6
1782555932,2026-06-27T10:25:32Z,200,1.3
1782555933,2026-06-27T10:25:33Z,200,0.9
1782555934,2026-06-27T10:25:34Z,200,0.6
1782555935,2026-06-27T10:25:35Z,200,0.8
1782555936,2026-06-27T10:25:36Z,200,0.8
1782555937,2026-06-27T10:25:37Z,200,1.0
1782555938,2026-06-27T10:25:38Z,200,1.6
1782555939,2026-06-27T10:25:39Z,200,1.4
1782555940,2026-06-27T10:25:40Z,200,1.7
1782555941,2026-06-27T10:25:41Z,200,1.8
1782555942,2026-06-27T10:25:42Z,200,0.8
1782555943,2026-06-27T10:25:43Z,200,0.9
1782555944,2026-06-27T10:25:44Z,200,0.8
1782555945,2026-06-27T10:25:45Z,200,1.4
1782555946,2026-06-27T10:25:46Z,200,1.1
1782555947,2026-06-27T10:25:47Z,200,0.8
1782555948,2026-06-27T10:25:48Z,200,1.0
1782555949,2026-06-27T10:25:49Z,200,0.9
1782555950,2026-06-27T10:25:50Z,200,0.8
1782555951,2026-06-27T10:25:51Z,200,0.8
1782555952,2026-06-27T10:25:52Z,200,0.7
1782555953,2026-06-27T10:25:53Z,200,0.9
1782555954,2026-06-27T10:25:54Z,200,1.4
1782555955,2026-06-27T10:25:55Z,200,1.6
1782555956,2026-06-27T10:25:56Z,200,1.1
1782555957,2026-06-27T10:25:57Z,200,1.2
1782555958,2026-06-27T10:25:59Z,200,1.4
1782555960,2026-06-27T10:26:00Z,200,1.4
1782555961,2026-06-27T10:26:01Z,200,0.7
1782555962,2026-06-27T10:26:02Z,200,1.7
1782555963,2026-06-27T10:26:03Z,200,1.2
1782555964,2026-06-27T10:26:04Z,200,1.2
1782555965,2026-06-27T10:26:05Z,200,1.0
1782555966,2026-06-27T10:26:06Z,200,1.4
1782555967,2026-06-27T10:26:07Z,200,1.9
1782555968,2026-06-27T10:26:08Z,200,1.5
1782555969,2026-06-27T10:26:09Z,200,0.6
1782555970,2026-06-27T10:26:10Z,200,1.8
1782555971,2026-06-27T10:26:11Z,200,0.9
1782555972,2026-06-27T10:26:12Z,200,1.1
1782555973,2026-06-27T10:26:13Z,200,1.2
1782555974,2026-06-27T10:26:14Z,200,0.9
1782555975,2026-06-27T10:26:15Z,200,1.0
1782555976,2026-06-27T10:26:16Z,200,0.8
1782555977,2026-06-27T10:26:17Z,200,1.0
1782555978,2026-06-27T10:26:18Z,200,1.3
1782555979,2026-06-27T10:26:19Z,200,1.2
1782555980,2026-06-27T10:26:20Z,200,1.1
1782555981,2026-06-27T10:26:21Z,200,0.6
1782555982,2026-06-27T10:26:22Z,200,0.6
1782555983,2026-06-27T10:26:23Z,200,1.2
1782555984,2026-06-27T10:26:24Z,200,1.7
1782555985,2026-06-27T10:26:25Z,200,0.8
1782555986,2026-06-27T10:26:26Z,200,1.1
1782555987,2026-06-27T10:26:27Z,200,0.7
1782555988,2026-06-27T10:26:28Z,200,1.6
1782555989,2026-06-27T10:26:29Z,200,0.9
1782555990,2026-06-27T10:26:30Z,200,2.0
1782555991,2026-06-27T10:26:31Z,200,1.3
1782555993,2026-06-27T10:26:33Z,200,1.6
1782555994,2026-06-27T10:26:34Z,200,0.8
1782555995,2026-06-27T10:26:35Z,200,2.1
1782555996,2026-06-27T10:26:36Z,200,2.3
1782555997,2026-06-27T10:26:37Z,200,1.5
1782555998,2026-06-27T10:26:38Z,200,1.6
1782555999,2026-06-27T10:26:39Z,200,2.3
1782556000,2026-06-27T10:26:40Z,200,0.7
1782556001,2026-06-27T10:26:41Z,200,1.5
1782556002,2026-06-27T10:26:42Z,200,1.6
1782556003,2026-06-27T10:26:43Z,200,1.9
1782556004,2026-06-27T10:26:44Z,200,2.0
1782556005,2026-06-27T10:26:45Z,200,2.6
1782556006,2026-06-27T10:26:46Z,200,2.6
1782556007,2026-06-27T10:26:47Z,200,1.2
1782556008,2026-06-27T10:26:48Z,200,2.0
1782556009,2026-06-27T10:26:49Z,200,1.9
1782556010,2026-06-27T10:26:50Z,200,1.5
1782556011,2026-06-27T10:26:51Z,200,1.4
1782556012,2026-06-27T10:26:52Z,200,2.2
1782556013,2026-06-27T10:26:53Z,200,0.9
1782556014,2026-06-27T10:26:54Z,200,1.0
1782556015,2026-06-27T10:26:55Z,200,1.0
1782556016,2026-06-27T10:26:56Z,200,1.4
1782556017,2026-06-27T10:26:57Z,200,1.1
1782556018,2026-06-27T10:26:58Z,200,1.2
1782556019,2026-06-27T10:26:59Z,200,1.3
1782556020,2026-06-27T10:27:00Z,200,1.3
1782556021,2026-06-27T10:27:01Z,200,0.6
1782556022,2026-06-27T10:27:02Z,200,1.3
1782556024,2026-06-27T10:27:04Z,200,0.8
1782556025,2026-06-27T10:27:05Z,200,1.3
1782556026,2026-06-27T10:27:06Z,200,1.1
1782556027,2026-06-27T10:27:07Z,200,1.0
1782556028,2026-06-27T10:27:08Z,200,1.3
1782556029,2026-06-27T10:27:09Z,200,1.8
1782556030,2026-06-27T10:27:10Z,200,1.2
1782556031,2026-06-27T10:27:11Z,200,0.7
1782556032,2026-06-27T10:27:12Z,200,0.9
1782556033,2026-06-27T10:27:13Z,200,0.5
1782556034,2026-06-27T10:27:14Z,200,1.1
1782556035,2026-06-27T10:27:15Z,200,0.7
1782556036,2026-06-27T10:27:16Z,200,1.1
1782556037,2026-06-27T10:27:17Z,200,0.6
1782556038,2026-06-27T10:27:18Z,200,0.4
1782556039,2026-06-27T10:27:19Z,200,0.9
1782556040,2026-06-27T10:27:20Z,200,0.8
1782556041,2026-06-27T10:27:21Z,200,1.5
1782556042,2026-06-27T10:27:22Z,200,1.3
1782556043,2026-06-27T10:27:23Z,200,0.9
1782556044,2026-06-27T10:27:24Z,200,0.8
1782556045,2026-06-27T10:27:25Z,200,1.1
1782556046,2026-06-27T10:27:26Z,200,1.4
1782556047,2026-06-27T10:27:27Z,200,1.8
1782556048,2026-06-27T10:27:28Z,200,0.8
1782556049,2026-06-27T10:27:29Z,200,1.1
1782556050,2026-06-27T10:27:30Z,200,0.8
1782556051,2026-06-27T10:27:31Z,200,1.2
1782556052,2026-06-27T10:27:32Z,200,0.9
1782556053,2026-06-27T10:27:33Z,200,0.4
1782556054,2026-06-27T10:27:34Z,200,1.5
1782556055,2026-06-27T10:27:35Z,200,1.2
1782556057,2026-06-27T10:27:37Z,200,0.6
1782556058,2026-06-27T10:27:38Z,200,1.5
1782556059,2026-06-27T10:27:39Z,200,0.5
1782556060,2026-06-27T10:27:40Z,200,0.8
1782556061,2026-06-27T10:27:41Z,200,1.2
1782556062,2026-06-27T10:27:42Z,200,1.3
1782556063,2026-06-27T10:27:43Z,200,1.3
1782556064,2026-06-27T10:27:44Z,200,1.4
1782556065,2026-06-27T10:27:45Z,200,0.5
1782556066,2026-06-27T10:27:46Z,200,1.0
1782556067,2026-06-27T10:27:47Z,200,1.9
1782556068,2026-06-27T10:27:48Z,200,1.3
1782556069,2026-06-27T10:27:49Z,200,0.7
1782556070,2026-06-27T10:27:50Z,200,1.7
1782556071,2026-06-27T10:27:51Z,200,1.5
1782556072,2026-06-27T10:27:52Z,200,1.0
1782556073,2026-06-27T10:27:53Z,200,1.5
1782556074,2026-06-27T10:27:54Z,200,1.5
1782556075,2026-06-27T10:27:55Z,200,1.4
1782556076,2026-06-27T10:27:56Z,200,1.6
1782556077,2026-06-27T10:27:57Z,200,1.0
1782556078,2026-06-27T10:27:58Z,200,1.5
1782556079,2026-06-27T10:27:59Z,200,0.7
1782556080,2026-06-27T10:28:00Z,200,1.5
1782556081,2026-06-27T10:28:01Z,200,0.6
1782556082,2026-06-27T10:28:02Z,200,0.9
1782556083,2026-06-27T10:28:03Z,200,1.1
1782556084,2026-06-27T10:28:04Z,200,1.0
1782556085,2026-06-27T10:28:05Z,200,0.7
1782556086,2026-06-27T10:28:06Z,200,1.6
1782556087,2026-06-27T10:28:07Z,200,0.9
1782556088,2026-06-27T10:28:08Z,200,0.9
1782556089,2026-06-27T10:28:10Z,200,1.2
1782556091,2026-06-27T10:28:11Z,200,1.2
1782556092,2026-06-27T10:28:12Z,200,1.0
1782556093,2026-06-27T10:28:13Z,200,1.4
1782556094,2026-06-27T10:28:14Z,200,1.3
1782556095,2026-06-27T10:28:15Z,200,1.4
1782556096,2026-06-27T10:28:16Z,200,0.6
1782556097,2026-06-27T10:28:17Z,200,0.8
1782556098,2026-06-27T10:28:18Z,200,1.5
1782556099,2026-06-27T10:28:19Z,200,0.9
1782556100,2026-06-27T10:28:20Z,200,1.0
1782556101,2026-06-27T10:28:21Z,200,1.0
1782556102,2026-06-27T10:28:22Z,200,1.3
1782556103,2026-06-27T10:28:23Z,200,1.1
1782556104,2026-06-27T10:28:24Z,200,1.1
1782556105,2026-06-27T10:28:25Z,200,1.2
1782556106,2026-06-27T10:28:26Z,200,1.8
1782556107,2026-06-27T10:28:27Z,200,1.6
1782556108,2026-06-27T10:28:28Z,200,1.0
1782556109,2026-06-27T10:28:29Z,200,2.1
1782556110,2026-06-27T10:28:30Z,200,1.8
1782556111,2026-06-27T10:28:31Z,200,1.0
1782556112,2026-06-27T10:28:32Z,200,1.1
1782556113,2026-06-27T10:28:33Z,200,1.0
1782556114,2026-06-27T10:28:34Z,200,1.2
1782556115,2026-06-27T10:28:35Z,200,0.9
1782556116,2026-06-27T10:28:36Z,200,1.6
1782556117,2026-06-27T10:28:37Z,200,0.6
1782556118,2026-06-27T10:28:38Z,200,1.6
1782556119,2026-06-27T10:28:39Z,200,1.1
1782556120,2026-06-27T10:28:40Z,200,1.6
1782556121,2026-06-27T10:28:41Z,200,0.7
1782556122,2026-06-27T10:28:42Z,200,1.1
1782556123,2026-06-27T10:28:44Z,200,0.9
1782556125,2026-06-27T10:28:45Z,200,0.5
1782556126,2026-06-27T10:28:46Z,200,0.8
1782556127,2026-06-27T10:28:47Z,200,1.9
1782556128,2026-06-27T10:28:48Z,200,1.3
1782556129,2026-06-27T10:28:49Z,200,1.2
1782556130,2026-06-27T10:28:50Z,200,1.7
1782556131,2026-06-27T10:28:51Z,200,1.1
1782556132,2026-06-27T10:28:52Z,200,1.9
1782556133,2026-06-27T10:28:53Z,200,1.6
1782556134,2026-06-27T10:28:54Z,200,1.6
1782556135,2026-06-27T10:28:55Z,200,0.8
1782556136,2026-06-27T10:28:56Z,200,0.4
1782556137,2026-06-27T10:28:57Z,200,1.1
1782556138,2026-06-27T10:28:58Z,200,1.4
1782556139,2026-06-27T10:28:59Z,200,1.0
1782556140,2026-06-27T10:29:00Z,200,1.0
1782556141,2026-06-27T10:29:01Z,200,1.5
1782556142,2026-06-27T10:29:02Z,200,1.9
1782556143,2026-06-27T10:29:03Z,200,1.6
1782556144,2026-06-27T10:29:04Z,200,0.9
1782556145,2026-06-27T10:29:05Z,200,0.9
1782556146,2026-06-27T10:29:06Z,200,0.8
1782556147,2026-06-27T10:29:07Z,200,0.7
1782556148,2026-06-27T10:29:08Z,200,0.6
1782556149,2026-06-27T10:29:09Z,200,1.6
1782556150,2026-06-27T10:29:10Z,200,0.5
1782556151,2026-06-27T10:29:11Z,200,1.9
1782556152,2026-06-27T10:29:12Z,200,1.3
1782556153,2026-06-27T10:29:13Z,200,1.2
1782556154,2026-06-27T10:29:14Z,200,1.1
1782556155,2026-06-27T10:29:15Z,200,1.2
1782556156,2026-06-27T10:29:16Z,200,1.1
1782556157,2026-06-27T10:29:18Z,200,1.3
1782556159,2026-06-27T10:29:19Z,200,0.8
1782556160,2026-06-27T10:29:20Z,200,0.9
1782556161,2026-06-27T10:29:21Z,200,1.4
1782556162,2026-06-27T10:29:22Z,200,0.7
1782556163,2026-06-27T10:29:23Z,200,0.6
1782556164,2026-06-27T10:29:24Z,200,1.7
1782556165,2026-06-27T10:29:25Z,200,0.9
1782556166,2026-06-27T10:29:26Z,200,1.2
1782556167,2026-06-27T10:29:27Z,200,1.8
1782556168,2026-06-27T10:29:28Z,200,1.1
1782556169,2026-06-27T10:29:29Z,200,0.9
1782556170,2026-06-27T10:29:30Z,200,0.7
1782556171,2026-06-27T10:29:31Z,200,1.3
1782556172,2026-06-27T10:29:32Z,200,1.6
1782556173,2026-06-27T10:29:33Z,200,0.7
1782556174,2026-06-27T10:29:34Z,200,0.8
1782556175,2026-06-27T10:29:35Z,200,0.5
1782556176,2026-06-27T10:29:36Z,200,0.9
1782556177,2026-06-27T10:29:37Z,200,1.2
1782556178,2026-06-27T10:29:38Z,200,1.6
1782556179,2026-06-27T10:29:39Z,200,1.1
1782556180,2026-06-27T10:29:40Z,200,0.6
1782556181,2026-06-27T10:29:41Z,200,0.5
1782556182,2026-06-27T10:29:42Z,200,0.7
1782556183,2026-06-27T10:29:43Z,200,1.2
1782556184,2026-06-27T10:29:44Z,200,1.1
1782556185,2026-06-27T10:29:45Z,200,1.0
1782556186,2026-06-27T10:29:46Z,200,0.7
1782556187,2026-06-27T10:29:47Z,200,0.6
1782556188,2026-06-27T10:29:48Z,200,0.2
1782556189,2026-06-27T10:29:49Z,200,1.3
1782556190,2026-06-27T10:29:51Z,200,1.5
1782556192,2026-06-27T10:29:52Z,200,1.9
1782556193,2026-06-27T10:29:53Z,200,1.2
1782556194,2026-06-27T10:29:54Z,200,0.3
1782556195,2026-06-27T10:29:55Z,200,1.0
1782556196,2026-06-27T10:29:56Z,200,0.6
1782556197,2026-06-27T10:29:57Z,200,0.9
1782556198,2026-06-27T10:29:58Z,200,1.3
1782556199,2026-06-27T10:29:59Z,200,1.0
1782556200,2026-06-27T10:30:00Z,200,0.5
1782556201,2026-06-27T10:30:01Z,200,1.3
1782556202,2026-06-27T10:30:02Z,200,1.8
1782556203,2026-06-27T10:30:03Z,200,1.2
1782556204,2026-06-27T10:30:04Z,200,1.5
1782556205,2026-06-27T10:30:05Z,200,1.6
1782556206,2026-06-27T10:30:06Z,200,1.7
1782556207,2026-06-27T10:30:07Z,200,1.3
1782556208,2026-06-27T10:30:08Z,200,1.4
1782556209,2026-06-27T10:30:09Z,200,0.6
1782556210,2026-06-27T10:30:10Z,200,0.5
1782556211,2026-06-27T10:30:11Z,200,0.6
1782556212,2026-06-27T10:30:12Z,200,0.4
1782556213,2026-06-27T10:30:13Z,200,0.5
1782556214,2026-06-27T10:30:14Z,200,0.4
